"device","site","city","state","date","tair_mean","tair_max","tair_min","rh_mean","precip","et","wind_speed","wind_dir","vpd","swdw","ndvi","lat","lon"
"D009893","BO Fatima do Sul","Fatima do Sul","MS","2026-07-01","23.3","32.7","16.8","77.0","0.0","3.3","0.87","NW","0.9","12.5","0.57","-22.38772","-54.55025"
"D009893","BO Fatima do Sul","Fatima do Sul","MS","2026-07-02","20.3","31.8","14.8","82.0","0.0","2.8","0.89","WSW","0.6","11.9","0.58","-22.3877","-54.55026"
"D009893","BO Fatima do Sul","Fatima do Sul","MS","2026-07-03","14.4","17.3","11.0","88.0","0.0","1.1","0.72","SW","0.2","5.1","0.53","-22.38767","-54.55024"
"D009893","BO Fatima do Sul","Fatima do Sul","MS","2026-07-04","16.7","27.4","8.7","80.0","0.0","2.7","0.87","WNW","0.6","12.4","0.57","-22.38766","-54.55025"
"D009893","BO Fatima do Sul","Fatima do Sul","MS","2026-07-05","18.7","29.6","10.5","79.0","0.0","3.1","1.98","NW","0.7","11.7","0.56","-22.3877","-54.55025"
"D009893","BO Fatima do Sul","Fatima do Sul","MS","2026-07-06","17.5","26.8","12.6","83.0","0.0","2.6","2.2","SSW","0.4","10.9","0.54","-22.38769","-54.55025"
"D009893","BO Fatima do Sul","Fatima do Sul","MS","2026-07-07","14.2","24.3","7.4","74.0","0.0","2.8","2.05","SW","0.6","11.7","0.56","-22.38774","-54.5502"
"D009893","BO Fatima do Sul","Fatima do Sul","MS","2026-07-08","15.4","26.3","6.1","75.0","0.0","3.0","2.1","NNW","0.6","11.6","0.54","-22.3877","-54.55026"
"D009893","BO Fatima do Sul","Fatima do Sul","MS","2026-07-09","20.1","29.6","11.8","75.0","0.0","3.1","2.2","N","0.8","11.3","0.55","-22.3877","-54.55019"
"D009893","BO Fatima do Sul","Fatima do Sul","MS","2026-07-10","22.2","32.2","15.3","74.0","0.0","3.1","1.88","NNW","0.9","10.6","0.55","-22.38768","-54.55019"
"D009893","BO Fatima do Sul","Fatima do Sul","MS","2026-07-11","22.5","32.5","14.9","77.0","6.5","3.2","1.83","NW","0.9","11.1","0.55","-22.38769","-54.55019"
"D009893","BO Fatima do Sul","Fatima do Sul","MS","2026-07-12","18.7","25.5","11.2","85.0","0.0","2.4","1.88","SSW","0.4","9.4","0.61","-22.38767","-54.55026"
"D009893","BO Fatima do Sul","Fatima do Sul","MS","2026-07-13","13.7","23.7","6.8","77.0","0.0","3.0","1.88","SSW","0.5","13.2","0.6","-22.38767","-54.55023"
"D009893","BO Fatima do Sul","Fatima do Sul","MS","2026-07-14","13.8","23.1","4.4","74.0","0.0","3.1","2.53","N","0.5","13.2","0.6","-22.3877","-54.55022"
"D009893","BO Fatima do Sul","Fatima do Sul","MS","2026-07-15","16.8","27.2","5.5","72.0","0.0","3.4","2.31","N","0.8","12.9","0.59","-22.38767","-54.55025"
"D009893","BO Fatima do Sul","Fatima do Sul","MS","2026-07-16","22.1","32.9","11.8","67.0","0.0","3.7","2.19","N","1.1","12.6","0.59","-22.38766","-54.55024"
"D009893","BO Fatima do Sul","Fatima do Sul","MS","2026-07-17","24.9","32.2","18.4","71.0","0.0","3.7","2.83","N","1.1","11.3","0.58","-22.38773","-54.55023"
"D009893","BO Fatima do Sul","Fatima do Sul","MS","2026-07-18","24.1","31.5","17.9","66.0","0.0","3.8","2.58","N","1.2","11.4","0.58","-22.38768","-54.55023"
"D009893","BO Fatima do Sul","Fatima do Sul","MS","2026-07-19","24.2","32.3","17.8","59.0","0.0","4.5","3.01","N","1.4","12.7","0.57","-22.38769","-54.55026"
"D009893","BO Fatima do Sul","Fatima do Sul","MS","2026-07-20","25.2","33.2","20.5","63.0","0.0","4.0","2.51","N","1.3","11.8","0.56","-22.38771","-54.55023"
"D009893","BO Fatima do Sul","Fatima do Sul","MS","2026-07-21","25.2","33.8","18.2","67.0","0.0","4.0","2.36","NNW","1.3","12.5","0.56","-22.38769","-54.55025"
"D009893","BO Fatima do Sul","Fatima do Sul","MS","2026-07-22","21.4","26.8","17.4","88.0","24.4","1.5","2.1","WSW","0.4","5.6","0.58","-22.3877","-54.55023"
"D009893","BO Fatima do Sul","Fatima do Sul","MS","2026-07-23","18.6","20.9","17.2","94.0","4.8","0.9","2.28","E","0.1","3.5","0.59","-22.38768","-54.55028"
"D009893","BO Fatima do Sul","Fatima do Sul","MS","2026-07-24","21.2","27.4","17.5","85.0","0.0","2.7","2.62","NNE","0.4","10.9","0.62","-22.38772","-54.55024"
"D009893","BO Fatima do Sul","Fatima do Sul","MS","2026-07-25","21.9","27.6","18.0","81.0","0.0","3.1","3.15","NNE","0.6","11.5","0.62","-22.38772","-54.55023"
"D009893","BO Fatima do Sul","Fatima do Sul","MS","2026-07-26","22.9","30.9","17.1","78.0","0.0","3.6","2.47","N","0.8","13.3","0.63","-22.38771","-54.55022"
"D009893","BO Fatima do Sul","Fatima do Sul","MS","2026-07-27","24.3","33.2","17.4","71.0","0.0","4.0","2.11","N","1.1","13.4","0.63","-22.38775","-54.55024"
"D009893","BO Fatima do Sul","Fatima do Sul","MS","2026-07-28","24.7","34.5","17.2","65.0","0.0","4.0","2.02","N","1.4","12.6","0.63","-22.38775","-54.55021"
"D009893","BO Fatima do Sul","Fatima do Sul","MS","2026-07-29","26.6","35.1","18.7","64.0","0.0","4.1","2.08","NNW","1.5","13.2","0.63","-22.3877","-54.55025"
"D009893","BO Fatima do Sul","Fatima do Sul","MS","2026-07-30","21.9","27.0","17.9","81.0","0.0","2.5","2.65","NNE","0.6","9.7","0.63","-22.3877","-54.55025"
"D009893","BO Fatima do Sul","Fatima do Sul","MS","2026-07-31","22.5","30.5","15.9","75.0","0.0","3.9","2.88","NNE","0.9","13.9","0.64","-22.38771","-54.55024"
"D009893","BO Fatima do Sul","Fatima do Sul","MS","2026-08-01","25.1","34.7","16.7","63.0","0.1","4.4","2.38","N","1.5","13.6","0.63","-22.3877","-54.55026"
"D009893","BO Fatima do Sul","Fatima do Sul","MS","2026-08-02","22.8","30.3","16.9","76.0","0.0","2.4","2.04","NNW","0.8","8.7","0.62","-22.3877","-54.55026"
"D009893","BO Fatima do Sul","Fatima do Sul","MS","2026-08-03","22.2","28.7","18.4","73.0","0.0","2.2","2.0","NNW","0.8","6.3","0.61","-22.38772","-54.55026"
"D009893","BO Fatima do Sul","Fatima do Sul","MS","2026-08-04","22.8","29.6","18.7","72.0","0.0","2.3","2.03","NNW","0.9","7.0","0.59","-22.38767","-54.55027"
"D009893","BO Fatima do Sul","Fatima do Sul","MS","2026-08-05","22.7","29.9","17.4","77.0","2.4","2.8","2.08","NNW","0.8","10.3","0.64","-22.3877","-54.55025"
"D009893","BO Fatima do Sul","Fatima do Sul","MS","2026-08-06","19.7","25.6","16.3","87.0","1.9","2.0","2.65","NNE","0.3","7.4","0.65","-22.38771","-54.5503"
"D009893","BO Fatima do Sul","Fatima do Sul","MS","2026-08-07","21.4","28.1","17.8","88.0","11.8","1.9","2.23","W","0.4","7.7","0.64","-22.38773","-54.55027"
"D009893","BO Fatima do Sul","Fatima do Sul","MS","2026-08-08","24.6","33.5","18.2","76.0","0.0","3.5","2.13","NNW","1.0","12.4","0.67","-22.38768","-54.55026"
"D009893","BO Fatima do Sul","Fatima do Sul","MS","2026-08-09","25.0","34.6","17.5","76.0","1.6","3.7","1.98","W","1.0","12.8","0.66","-22.3877","-54.55028"
"D009893","BO Fatima do Sul","Fatima do Sul","MS","2026-08-10","19.4","24.3","17.6","91.0","11.6","1.4","2.16","SSW","0.2","6.2","0.64","-22.38772","-54.55026"
"D009893","BO Fatima do Sul","Fatima do Sul","MS","2026-08-11","20.6","26.6","16.6","82.0","0.0","3.4","2.8","NE","0.5","14.5","0.68","-22.38775","-54.55023"
"D009893","BO Fatima do Sul","Fatima do Sul","MS","2026-08-12","22.8","31.7","15.0","77.0","0.0","3.7","2.4","N","0.8","13.6","0.67","-22.38771","-54.55027"
"D009893","BO Fatima do Sul","Fatima do Sul","MS","2026-08-13","24.3","33.6","17.2","76.0","0.0","3.2","1.86","WNW","1.0","10.9","0.67","-22.38768","-54.55027"
"D009893","BO Fatima do Sul","Fatima do Sul","MS","2026-08-14","23.4","31.4","17.7","81.0","0.0","3.1","2.28","NW","0.7","10.9","0.65","-22.38771","-54.55027"
"D009893","BO Fatima do Sul","Fatima do Sul","MS","2026-08-15","25.6","34.5","17.6","67.0","0.0","4.8","2.58","N","1.4","14.1","0.66","-22.38773","-54.55029"
"D009893","BO Fatima do Sul","Fatima do Sul","MS","2026-08-16","25.3","36.1","15.6","64.0","0.0","4.8","2.47","NNW","1.5","14.6","0.66","-22.3877","-54.55026"
"D009893","BO Fatima do Sul","Fatima do Sul","MS","2026-08-17","25.4","36.6","15.3","60.0","0.0","4.9","2.22","NNW","1.8","14.4","0.64","-22.38773","-54.55024"
"D009893","BO Fatima do Sul","Fatima do Sul","MS","2026-08-18","25.5","36.3","17.2","61.0","0.0","4.5","2.14","NW","1.7","13.2","0.63","-22.3877","-54.55028"
"D009893","BO Fatima do Sul","Fatima do Sul","MS","2026-08-19","22.9","30.7","16.5","79.0","0.0","2.9","2.51","SSW","0.7","10.2","0.62","-22.38769","-54.55025"
"D009893","BO Fatima do Sul","Fatima do Sul","MS","2026-08-20","18.3","25.3","11.1","74.0","0.0","2.7","2.8","SSW","0.6","10.0","0.62","-22.38768","-54.55029"
"D009893","BO Fatima do Sul","Fatima do Sul","MS","2026-08-21","14.8","25.5","5.8","67.0","0.0","4.1","2.11","SW","0.8","15.3","0.62","-22.38767","-54.55028"
"D009893","BO Fatima do Sul","Fatima do Sul","MS","2026-08-22","16.0","26.9","5.5","63.0","0.0","4.4","2.35","SSE","1.0","15.4","0.59","-22.38768","-54.55027"
"D009893","BO Fatima do Sul","Fatima do Sul","MS","2026-08-23","17.6","28.1","6.8","58.0","0.0","4.7","2.44","SSE","1.1","15.2","0.58","-22.38772","-54.55028"
"D009893","BO Fatima do Sul","Fatima do Sul","MS","2026-08-24","20.5","28.0","12.6","57.0","0.0","3.7","2.52","ENE","1.2","11.4","0.57","-22.38772","-54.55026"
"D009893","BO Fatima do Sul","Fatima do Sul","MS","2026-08-25","20.2","24.7","17.3","77.0","2.6","1.8","2.57","NNE","0.6","6.4","0.59","-22.38774","-54.55025"
"D009893","BO Fatima do Sul","Fatima do Sul","MS","2026-08-26","20.2","25.1","17.3","86.0","0.7","1.4","2.39","N","0.4","5.2","0.6","-22.38766","-54.55024"
"D009893","BO Fatima do Sul","Fatima do Sul","MS","2026-08-27","24.1","33.8","17.0","74.0","0.0","4.3","2.84","N","1.0","14.8","0.58","-22.38771","-54.55021"
"D009893","BO Fatima do Sul","Fatima do Sul","MS","2026-08-28","27.4","36.6","19.9","65.0","0.0","4.8","2.4","NNW","1.6","14.0","0.55","-22.38771","-54.55023"
"D009893","BO Fatima do Sul","Fatima do Sul","MS","2026-08-29","28.3","36.9","20.6","61.0","0.0","4.7","2.15","NNW","1.8","13.9","0.54","-22.38769","-54.55021"
"D009893","BO Fatima do Sul","Fatima do Sul","MS","2026-08-30","28.0","38.5","19.8","62.0","0.0","4.6","2.05","NW","1.8","13.5","0.52","-22.38769","-54.55018"
"D009893","BO Fatima do Sul","Fatima do Sul","MS","2026-08-31","26.5","37.4","20.2","71.0","20.9","4.3","2.44","NW","1.4","12.6","0.51","-22.38771","-54.5502"
"D009893","BO Fatima do Sul","Fatima do Sul","MS","2026-09-01","20.5","27.0","14.5","86.0","3.0","2.9","2.47","SSW","0.4","11.4","0.57","-22.3877","-54.55024"
"D009893","BO Fatima do Sul","Fatima do Sul","MS","2026-09-02","19.8","29.2","11.8","74.0","0.0","4.3","2.2","NNE","0.8","16.0","0.47","-22.38772","-54.55025"
"D009893","BO Fatima do Sul","Fatima do Sul","MS","2026-09-03","22.8","33.6","10.6","65.0","0.0","4.9","2.42","N","1.3","16.5","0.43","-22.38771","-54.55023"
"D009893","BO Fatima do Sul","Fatima do Sul","MS","2026-09-04","24.7","33.8","17.6","73.0","0.1","4.0","2.72","NNE","1.0","12.6","0.45","-22.38769","-54.55023"
"D009893","BO Fatima do Sul","Fatima do Sul","MS","2026-09-05","21.4","26.6","15.9","84.0","8.1","1.6","2.39","SSW","0.4","6.2","0.49","-22.3877","-54.55026"
"D009893","BO Fatima do Sul","Fatima do Sul","MS","2026-09-06","15.6","17.6","12.9","62.0","0.1","1.9","3.42","SSE","0.7","5.0","0.48","-22.38769","-54.55022"
"D009893","BO Fatima do Sul","Fatima do Sul","MS","2026-09-07","17.0","24.6","11.3","62.0","0.0","3.6","2.99","E","0.8","13.2","0.46","-22.3877","-54.5502"
"D009893","BO Fatima do Sul","Fatima do Sul","MS","2026-09-08","19.9","25.4","15.4","75.0","0.0","3.1","3.16","NNE","0.6","11.5","0.45","-22.38768","-54.55024"
"D009893","BO Fatima do Sul","Fatima do Sul","MS","2026-09-09","23.0","29.7","18.5","86.0","0.7","2.6","2.82","N","0.5","10.0","0.48","-22.3877","-54.55026"
"D009893","BO Fatima do Sul","Fatima do Sul","MS","2026-09-10","26.1","34.1","20.1","77.0","8.3","3.7","2.48","NNW","1.0","13.0","0.47","-22.38771","-54.55026"
"D009893","BO Fatima do Sul","Fatima do Sul","MS","2026-09-11","26.2","35.9","20.2","76.0","26.0","4.1","2.81","NNW","1.1","13.7","0.45","-22.38773","-54.55026"
"D009893","BO Fatima do Sul","Fatima do Sul","MS","2026-09-12","20.0","23.6","16.5","94.0","10.7","0.9","2.43","SSW","0.1","3.4","0.51","-22.38772","-54.55022"
"D009893","BO Fatima do Sul","Fatima do Sul","MS","2026-09-13","16.5","17.7","15.1","93.0","3.5","0.7","2.31","SSW","0.1","2.9","0.53","-22.38774","-54.55026"
"D009893","BO Fatima do Sul","Fatima do Sul","MS","2026-09-14","16.5","19.3","15.3","95.0","10.4","0.7","2.24","S","0.1","3.2","0.54","-22.38772","-54.55027"
"D009893","BO Fatima do Sul","Fatima do Sul","MS","2026-09-15","18.0","22.9","14.4","92.0","0.0","1.6","2.18","S","0.2","7.4","0.52","-22.38775","-54.55028"
"D009893","BO Fatima do Sul","Fatima do Sul","MS","2026-09-16","19.5","27.4","13.8","80.0","0.0","3.9","2.83","ENE","0.6","15.6","0.5","-22.38769","-54.55024"
"D009893","BO Fatima do Sul","Fatima do Sul","MS","2026-09-17","17.0","23.0","14.2","92.0","0.0","0.9","2.33","WNW","0.3","2.9","0.5","-22.3877","-54.55023"
"D009889","BF Toledo Area 2","Toledo","PR","2026-07-01","22.3","29.5","17.7","80.0","0.0","3.1",,,"0.7","11.7","0.45","-24.64035","-53.65754"
"D009889","BF Toledo Area 2","Toledo","PR","2026-07-02","19.1","27.2","13.5","88.0","0.0","2.3",,,"0.3","9.4","0.43","-24.64035","-53.65754"
"D009889","BF Toledo Area 2","Toledo","PR","2026-07-03","13.7","19.9","10.6","86.0","0.0","2.0",,,"0.3","9.9","0.41","-24.64035","-53.65756"
"D009889","BF Toledo Area 2","Toledo","PR","2026-07-04","16.5","26.0","7.6","70.0","0.0","2.8",,,"0.7","10.4","0.41","-24.64031","-53.65755"
"D009889","BF Toledo Area 2","Toledo","PR","2026-07-05","19.3","27.0","15.0","75.0","0.0","2.8",,,"0.6","11.1","0.41","-24.64032","-53.65754"
"D009889","BF Toledo Area 2","Toledo","PR","2026-07-06","14.0","17.4","9.9","97.0","0.1","0.6",,,"0.1","2.9","0.39","-24.64034","-53.65756"
"D009889","BF Toledo Area 2","Toledo","PR","2026-07-07","11.3","19.9","4.9","79.0","0.0","2.6",,,"0.4","12.6","0.39","-24.64032","-53.65758"
"D009889","BF Toledo Area 2","Toledo","PR","2026-07-08","14.3","24.0","7.2","56.0","0.0","3.2",,,"0.9","12.8","0.39","-24.64031","-53.65756"
"D009889","BF Toledo Area 2","Toledo","PR","2026-07-09","18.0","26.8","11.6","64.0","0.0","3.1",,,"0.8","12.2","0.39","-24.64033","-53.65758"
"D009889","BF Toledo Area 2","Toledo","PR","2026-07-10","20.8","28.7","14.4","74.0","3.5","3.0",,,"0.7","10.9","0.37","-24.64035","-53.65753"
"D009889","BF Toledo Area 2","Toledo","PR","2026-07-11","18.7","23.2","16.8","95.0","15.6","0.8",,,"0.1","3.6","0.39","-24.64036","-53.65754"
"D009889","BF Toledo Area 2","Toledo","PR","2026-07-12","16.0","20.7","9.5","86.0","0.0","2.7",,,"0.3","12.7","0.36","-24.64037","-53.65754"
"D009889","BF Toledo Area 2","Toledo","PR","2026-07-13","12.3","20.9","4.2","76.0","0.0","2.7",,,"0.5","12.6","0.37","-24.64032","-53.65756"
"D009889","BF Toledo Area 2","Toledo","PR","2026-07-14","13.7","21.8","8.4","69.0","0.0","2.9",,,"0.6","12.9","0.36","-24.64034","-53.65755"
"D009889","BF Toledo Area 2","Toledo","PR","2026-07-15","16.1","24.9","9.3","70.0","0.0","3.1",,,"0.7","12.9","0.36","-24.64032","-53.65753"
"D009889","BF Toledo Area 2","Toledo","PR","2026-07-16","20.2","28.4","13.3","66.0","0.0","3.5",,,"0.9","12.6","0.36","-24.64035","-53.65755"
"D009889","BF Toledo Area 2","Toledo","PR","2026-07-17","23.1","28.6","18.6","64.0","0.0","3.1",,,"1.1","11.8","0.26","-24.64037","-53.65755"
"D009889","BF Toledo Area 2","Toledo","PR","2026-07-18","22.4","28.1","18.2","60.0","0.0","3.1",,,"1.1","11.0","0.21","-24.64035","-53.65756"
"D009889","BF Toledo Area 2","Toledo","PR","2026-07-19","22.8","28.8","18.3","55.0","0.0","3.1",,,"1.3","10.8","0.19","-24.64036","-53.65751"
"D009889","BF Toledo Area 2","Toledo","PR","2026-07-20","22.9","28.6","18.9","62.0","0.0","2.5",,,"1.1","8.3","0.18","-24.64033","-53.65754"
"D009889","BF Toledo Area 2","Toledo","PR","2026-07-21","23.7","30.7","19.1","68.0","0.8","2.5",,,"1.0","8.6","0.17","-24.64037","-53.65751"
"D009889","BF Toledo Area 2","Toledo","PR","2026-07-22","17.4","23.6","15.2","97.0","72.4","0.2",,,"0.1","0.4","0.16","-24.64033","-53.65754"
"D009889","BF Toledo Area 2","Toledo","PR","2026-07-23","16.7","19.8","15.2","95.0","1.4","1.3",,,"0.1","6.7","0.15","-24.64034","-53.65752"
"D009889","BF Toledo Area 2","Toledo","PR","2026-07-24","17.2","19.0","16.0","98.0","0.3","0.9",,,"0.0","4.4","0.14","-24.64032","-53.65753"
"D009889","BF Toledo Area 2","Toledo","PR","2026-07-25","17.6","21.0","15.4","93.0","2.2","1.6",,,"0.2","7.9","0.12","-24.64034","-53.65755"
"D009889","BF Toledo Area 2","Toledo","PR","2026-07-26","19.7","25.5","16.0","86.0","0.0","2.4",,,"0.4","10.6","0.11","-24.64033","-53.65756"
"D009889","BF Toledo Area 2","Toledo","PR","2026-07-27","21.9","28.3","17.4","79.0","0.0","3.1",,,"0.6","13.0","0.11","-24.64037","-53.65756"
"D009889","BF Toledo Area 2","Toledo","PR","2026-07-28","23.3","30.0","18.6","70.0","0.0","3.4",,,"1.0","12.8","0.11","-24.64033","-53.65758"
"D009889","BF Toledo Area 2","Toledo","PR","2026-07-29","21.3","27.0","18.0","84.0","20.0","1.6",,,"0.4","6.8","0.11","-24.64033","-53.65752"
"D009889","BF Toledo Area 2","Toledo","PR","2026-07-30","19.2","22.2","16.5","88.0","0.3","1.1",,,"0.3","4.5","0.09","-24.6403","-53.65755"
"D009889","BF Toledo Area 2","Toledo","PR","2026-07-31","20.8","27.5","15.8","78.0","0.0","3.2",,,"0.7","13.7","0.1","-24.64035","-53.65755"
"D009889","BF Toledo Area 2","Toledo","PR","2026-08-01","22.0","29.1","17.3","69.0","0.0","3.4",,,"0.9","13.2","0.1","-24.64032","-53.65757"
"D009889","BF Toledo Area 2","Toledo","PR","2026-08-02","21.8","27.2","17.0","70.0","0.3","2.5",,,"0.9","9.1","0.11","-24.64033","-53.65759"
"D009889","BF Toledo Area 2","Toledo","PR","2026-08-03","22.3","27.5","19.6","65.0","0.0","2.6",,,"1.0","8.6","0.11","-24.64032","-53.65758"
"D009889","BF Toledo Area 2","Toledo","PR","2026-08-04","20.8","25.1","16.5","73.0","0.0","2.2",,,"0.7","8.0","0.1","-24.64031","-53.65757"
"D009889","BF Toledo Area 2","Toledo","PR","2026-08-05","20.3","26.0","16.3","84.0","13.0","2.5",,,"0.4","10.5","0.1","-24.64029","-53.65754"
"D009889","BF Toledo Area 2","Toledo","PR","2026-08-06","17.8","19.4","16.2","93.0","8.8","0.8",,,"0.1","3.2","0.1","-24.64019","-53.65761"
"D009889","BF Toledo Area 2","Toledo","PR","2026-08-07","17.7","19.8","16.4","98.0","1.9","0.8",,,"0.0","3.8","0.1","-24.64035","-53.65754"
"D009889","BF Toledo Area 2","Toledo","PR","2026-08-08","20.5","28.0","17.3","92.0","12.7","2.4",,,"0.2","10.2","0.1","-24.64036","-53.65754"
"D009889","BF Toledo Area 2","Toledo","PR","2026-08-09","20.7","26.8","17.4","86.0","0.7","2.2",,,"0.4","8.9","0.11","-24.64036","-53.65754"
"D009889","BF Toledo Area 2","Toledo","PR","2026-08-10","19.6","23.8","15.8","94.0","0.2","1.3",,,"0.2","5.8","0.11","-24.64033","-53.65755"
"D009889","BF Toledo Area 2","Toledo","PR","2026-08-11","19.0","24.1","15.4","88.0","0.0","2.6",,,"0.3","12.0","0.11","-24.64035","-53.65755"
"D009889","BF Toledo Area 2","Toledo","PR","2026-08-12","20.5","27.0","15.6","80.0","0.0","2.8",,,"0.6","11.2","0.11","-24.64033","-53.65756"
"D009889","BF Toledo Area 2","Toledo","PR","2026-08-13","22.2","26.9","19.5","84.0","0.0","2.1",,,"0.5","8.2","0.08","-24.64031","-53.65753"
"D009889","BF Toledo Area 2","Toledo","PR","2026-08-14","20.9","25.8","16.4","89.0","1.0","2.0",,,"0.3","8.3","0.08","-24.64036","-53.65751"
"D009889","BF Toledo Area 2","Toledo","PR","2026-08-15","23.7","29.9","19.9","76.0","0.0","3.1",,,"0.8","11.0","0.08","-24.64032","-53.65755"
"D009889","BF Toledo Area 2","Toledo","PR","2026-08-16","24.6","31.2","19.6","68.0","0.0","4.0",,,"1.1","13.7","0.08","-24.64033","-53.65753"
"D009889","BF Toledo Area 2","Toledo","PR","2026-08-17","25.7","32.9","20.8","60.0","0.0","4.3",,,"1.5","13.7","0.08","-24.64033","-53.65756"
"D009889","BF Toledo Area 2","Toledo","PR","2026-08-18","26.2","33.1","21.0","57.0","0.0","4.2",,,"1.6","13.2","0.08","-24.64039","-53.65751"
"D009889","BF Toledo Area 2","Toledo","PR","2026-08-19","23.9","30.2","18.1","69.0","0.0","3.3",,,"1.1","10.9","0.07","-24.64035","-53.65752"
"D009889","BF Toledo Area 2","Toledo","PR","2026-08-20","15.5","20.0","11.3","90.0","0.1","1.3",,,"0.2","6.2","0.07","-24.64038","-53.65756"
"D009889","BF Toledo Area 2","Toledo","PR","2026-08-21","13.2","20.4","9.4","77.0","0.0","2.9",,,"0.4","14.4","0.08","-24.64039","-53.6575"
"D009889","BF Toledo Area 2","Toledo","PR","2026-08-22","15.7","23.3","8.4","64.0","0.0","3.8",,,"0.8","15.3","0.08","-24.64036","-53.65756"
"D009889","BF Toledo Area 2","Toledo","PR","2026-08-23","17.8","24.9","12.0","49.0","0.0","4.3",,,"1.1","15.9","0.08","-24.64033","-53.65754"
"D009889","BF Toledo Area 2","Toledo","PR","2026-08-24","19.4","27.3","13.5","54.0","0.3","4.0",,,"1.1","14.3","0.07","-24.64032","-53.65756"
"D009889","BF Toledo Area 2","Toledo","PR","2026-08-25","19.7","26.0","15.7","68.0","0.6","3.3",,,"0.8","12.5","0.07","-24.64029","-53.65757"
"D009889","BF Toledo Area 2","Toledo","PR","2026-08-26","19.6","25.2","15.4","78.0","0.3","2.6",,,"0.5","10.4","0.07","-24.64031","-53.65756"
"D009889","BF Toledo Area 2","Toledo","PR","2026-08-27","21.9","29.6","15.7","77.0","0.0","3.9",,,"0.8","15.4","0.07","-24.64028","-53.65759"
"D009889","BF Toledo Area 2","Toledo","PR","2026-08-28","26.4","33.5","20.3","64.0","0.0","4.4",,,"1.4","14.5","0.07","-24.64035","-53.65756"
"D009889","BF Toledo Area 2","Toledo","PR","2026-08-29","27.8","34.8","23.2","61.0","0.0","4.7",,,"1.6","15.1","0.07","-24.64033","-53.65756"
"D009889","BF Toledo Area 2","Toledo","PR","2026-08-30","25.1","31.5","20.7","76.0","6.9","2.9",,,"0.8","9.9","0.07","-24.64038","-53.65756"
"D009889","BF Toledo Area 2","Toledo","PR","2026-08-31","21.5","27.1","17.7","92.0","28.2","1.7",,,"0.2","7.4","0.06","-24.64037","-53.65753"
"D009889","BF Toledo Area 2","Toledo","PR","2026-09-01","18.8","22.8","15.7","86.0","0.0","3.7",,,"0.4","16.4","0.07","-24.64034","-53.65758"
"D009889","BF Toledo Area 2","Toledo","PR","2026-09-02","19.7","27.6","12.5","70.0","0.0","4.4",,,"0.8","17.2","0.07","-24.64034","-53.65758"
"D009889","BF Toledo Area 2","Toledo","PR","2026-09-03","21.6","30.0","14.3","60.0","0.0","4.5",,,"1.2","16.3","0.07","-24.64036","-53.65761"
"D009889","BF Toledo Area 2","Toledo","PR","2026-09-04","23.1","29.0","19.2","63.0","0.4","3.2",,,"1.1","11.3","0.07","-24.64033","-53.65754"
"D009889","BF Toledo Area 2","Toledo","PR","2026-09-05","18.0","21.8","13.0","81.0","20.7","1.4",,,"0.4","5.6","0.06","-24.64035","-53.65753"
"D009889","BF Toledo Area 2","Toledo","PR","2026-09-06","13.3","16.6","9.5","64.0","0.2","2.2",,,"0.6","9.4","0.06","-24.64032","-53.65752"
"D009889","BF Toledo Area 2","Toledo","PR","2026-09-07","14.8","22.6","7.1","61.0","0.0","3.7",,,"0.7","15.7","0.07","-24.64032","-53.6575"
"D009889","BF Toledo Area 2","Toledo","PR","2026-09-08","16.6","19.7","13.9","78.0","0.5","1.6",,,"0.4","6.3","0.06","-24.6403","-53.65752"
"D009889","BF Toledo Area 2","Toledo","PR","2026-09-09","20.5","26.1","16.4","85.0","0.1","1.5",,,"0.4","5.4","0.06","-24.64028","-53.65753"
"D009889","BF Toledo Area 2","Toledo","PR","2026-09-10","19.5","21.5","17.8","98.0","64.6","0.8",,,"0.0","4.0","0.06","-24.64038","-53.6575"
"D009889","BF Toledo Area 2","Toledo","PR","2026-09-11","21.5","29.0","18.1","91.0","7.1","2.9",,,"0.3","12.1","0.06","-24.64037","-53.65756"
"D009889","BF Toledo Area 2","Toledo","PR","2026-09-12","19.5","25.1","16.2","86.0","0.4","2.5",,,"0.3","10.8","0.06","-24.64039","-53.65754"
"D009889","BF Toledo Area 2","Toledo","PR","2026-09-13","17.0","20.3","14.9","89.0","0.8","1.3",,,"0.2","5.3","0.06","-24.64038","-53.65756"
"D009889","BF Toledo Area 2","Toledo","PR","2026-09-14","15.2","16.8","14.4","96.0","0.1","0.8",,,"0.1","3.7","0.05","-24.64037","-53.65758"
"D009889","BF Toledo Area 2","Toledo","PR","2026-09-15","17.7","23.9","14.2","83.0","0.0","2.7",,,"0.4","11.8","0.06","-24.64032","-53.65758"
"D009889","BF Toledo Area 2","Toledo","PR","2026-09-16","19.6","28.2","14.1","59.0","0.0","4.7",,,"1.1","18.2","0.07","-24.64039","-53.65759"
"D009889","BF Toledo Area 2","Toledo","PR","2026-09-17","15.7","19.5","13.2","78.0","0.0","1.1",,,"0.4","4.1","0.07","-24.64035","-53.65752"
"D009881","BH Indianopolis","Indianopolis","MG","2026-07-01","18.9","26.0","12.9","72.0","0.0","3.3","1.61","WSW","0.7","14.7","0.32","-18.95648","-47.85955"
"D009881","BH Indianopolis","Indianopolis","MG","2026-07-02","19.9","27.9","12.9","71.0","0.0","3.2","1.23","WSW","0.8","14.3","0.31","-18.95651","-47.85952"
"D009881","BH Indianopolis","Indianopolis","MG","2026-07-03","19.9","28.4","13.4","69.0","0.0","3.5","1.09","WSW","0.9","15.6","0.31","-18.95645","-47.85952"
"D009881","BH Indianopolis","Indianopolis","MG","2026-07-04","20.6","27.3","12.2","61.0","0.0","3.7","1.01","WSW","1.1","15.4","0.31","-18.95651","-47.8595"
"D009881","BH Indianopolis","Indianopolis","MG","2026-07-05","20.9","28.9","13.4","65.0","0.0","3.4","0.71","W","1.0","15.5","0.31","-18.9565","-47.85955"
"D009881","BH Indianopolis","Indianopolis","MG","2026-07-06","20.1","27.2","13.6","66.0","0.0","3.5","0.94","W","0.9","15.1","0.32","-18.95647","-47.85956"
"D009881","BH Indianopolis","Indianopolis","MG","2026-07-07","19.6","26.0","14.2","64.0","0.0","3.4","0.9","NW","0.9","14.3","0.32","-18.95646","-47.85951"
"D009881","BH Indianopolis","Indianopolis","MG","2026-07-08","19.3","27.0","13.1","68.0","0.0","3.4","0.87","NW","0.8","15.4","0.33","-18.95648","-47.85951"
"D009881","BH Indianopolis","Indianopolis","MG","2026-07-09","20.0","28.1","12.9","59.0","0.0","3.5","1.02","W","1.1","14.7","0.33","-18.95649","-47.85951"
"D009881","BH Indianopolis","Indianopolis","MG","2026-07-10","20.0","28.6","12.0","59.0","0.0","3.7","1.19","SW","1.1","15.4","0.33","-18.95652","-47.8595"
"D009881","BH Indianopolis","Indianopolis","MG","2026-07-11","20.7","29.3","12.6","55.0","0.0","3.9","1.14","WSW","1.3","15.5","0.33","-18.9565","-47.8595"
"D009881","BH Indianopolis","Indianopolis","MG","2026-07-12","21.2","27.3","15.4","62.0","0.0","3.5","1.21","NW","1.0","14.2","0.33","-18.95646","-47.85952"
"D009881","BH Indianopolis","Indianopolis","MG","2026-07-13","18.9","24.3","13.2","73.0","0.0","2.4","1.09","NNW","0.6","10.0","0.34","-18.95647","-47.85957"
"D009881","BH Indianopolis","Indianopolis","MG","2026-07-14","16.9","26.8","8.2","62.0","0.0","3.4","1.0","WNW","0.9","15.9","0.34","-18.9565","-47.85953"
"D009881","BH Indianopolis","Indianopolis","MG","2026-07-15","17.7","27.8","10.8","68.0","0.0","3.4","1.37","WSW","0.8","15.6","0.34","-18.95649","-47.85955"
"D009881","BH Indianopolis","Indianopolis","MG","2026-07-16","18.1","26.1","12.2","68.0","0.0","3.5","1.64","WSW","0.8","15.7","0.34","-18.95646","-47.85957"
"D009881","BH Indianopolis","Indianopolis","MG","2026-07-17","16.2","24.3","10.3","64.0","0.0","3.6","1.83","SW","0.8","16.0","0.33","-18.95651","-47.85953"
"D009881","BH Indianopolis","Indianopolis","MG","2026-07-18","16.4","24.6","10.0","69.0","0.0","3.5","1.84","SW","0.7","16.0","0.33","-18.9565","-47.8595"
"D009881","BH Indianopolis","Indianopolis","MG","2026-07-19","17.6","25.4","10.8","68.0","0.0","3.6","1.65","SW","0.8","16.0","0.33","-18.95653","-47.8595"
"D009881","BH Indianopolis","Indianopolis","MG","2026-07-20","18.4","25.9","12.5","67.0","0.0","3.4","1.48","WSW","0.8","14.9","0.33","-18.95653","-47.85954"
"D009881","BH Indianopolis","Indianopolis","MG","2026-07-21","18.8","27.3","11.4","61.0","0.0","3.7","1.28","SW","1.0","16.1","0.32","-18.9565","-47.85949"
"D009881","BH Indianopolis","Indianopolis","MG","2026-07-22","20.6","29.1","12.9","58.0","0.0","3.2","1.08","SW","1.2","12.9","0.32","-18.95649","-47.85954"
"D009881","BH Indianopolis","Indianopolis","MG","2026-07-23","21.4","29.8","14.1","57.0","0.0","3.7","0.8","WSW","1.3","15.8","0.32","-18.95647","-47.85953"
"D009881","BH Indianopolis","Indianopolis","MG","2026-07-24","20.5","29.6","14.4","66.0","0.1","3.5","1.47","WSW","1.0","13.9","0.31","-18.95649","-47.85948"
"D009881","BH Indianopolis","Indianopolis","MG","2026-07-25","16.1","18.9","13.5","90.0","3.9","0.8","1.04","W","0.2","3.8","0.38","-18.95646","-47.85953"
"D009881","BH Indianopolis","Indianopolis","MG","2026-07-26","19.6","28.0","12.6","71.0","0.0","3.6","1.09","WNW","0.8","16.5","0.34","-18.95653","-47.85951"
"D009881","BH Indianopolis","Indianopolis","MG","2026-07-27","21.0","30.2","13.6","62.0","0.0","3.9","0.95","W","1.1","16.9","0.34","-18.95653","-47.85954"
"D009881","BH Indianopolis","Indianopolis","MG","2026-07-28","21.1","31.3","13.3","59.0","0.0","4.0","1.32","WSW","1.2","17.0","0.33","-18.95649","-47.85953"
"D009881","BH Indianopolis","Indianopolis","MG","2026-07-29","22.4","30.2","14.1","54.0","0.1","4.0","1.3","WSW","1.4","15.4","0.33","-18.95648","-47.85952"
"D009881","BH Indianopolis","Indianopolis","MG","2026-07-30","22.4","30.8","14.9","60.0","0.0","3.5","1.24","WNW","1.2","14.3","0.32","-18.95652","-47.8595"
"D009881","BH Indianopolis","Indianopolis","MG","2026-07-31","21.2","28.6","15.2","60.0","0.0","4.2","2.1","W","1.2","16.9","0.31","-18.95648","-47.85956"
"D009881","BH Indianopolis","Indianopolis","MG","2026-08-01","18.9","27.0","12.6","65.0","0.0","4.0","2.0","WSW","0.9","17.4","0.31","-18.95646","-47.85954"
"D009881","BH Indianopolis","Indianopolis","MG","2026-08-02","19.1","27.3","13.0","62.0","0.0","4.2","1.73","SW","1.0","17.6","0.31","-18.95642","-47.85954"
"D009881","BH Indianopolis","Indianopolis","MG","2026-08-03","19.5","26.8","12.6","62.0","0.1","3.4","1.53","WSW","1.0","13.8","0.31","-18.95646","-47.85956"
"D009881","BH Indianopolis","Indianopolis","MG","2026-08-04","19.9","27.7","14.3","60.0","0.0","3.9","1.88","SW","1.0","15.5","0.3","-18.95647","-47.85961"
"D009881","BH Indianopolis","Indianopolis","MG","2026-08-05","20.7","29.6","14.5","57.0","0.0","4.3","1.52","SW","1.2","17.2","0.29","-18.95643","-47.85955"
"D009881","BH Indianopolis","Indianopolis","MG","2026-08-06","21.5","29.3","14.0","56.0","0.0","4.4","1.37","SW","1.3","17.1","0.29","-18.95646","-47.8595"
"D009881","BH Indianopolis","Indianopolis","MG","2026-08-07","22.9","30.0","15.5","51.0","0.0","5.1","2.38","S","1.5","15.8","0.28","-18.95645","-47.8595"
"D009881","BH Indianopolis","Indianopolis","MG","2026-08-08","24.2","31.1","17.0","50.0","0.0","4.6","1.82","S","1.6","16.1","0.28","-18.95647","-47.85955"
"D009881","BH Indianopolis","Indianopolis","MG","2026-08-09","25.5","32.8","19.8","46.0","0.0","4.3","1.28","SW","1.9","15.2","0.28","-18.95657","-47.85953"
"D009881","BH Indianopolis","Indianopolis","MG","2026-08-10","26.2","36.3","17.5","44.0","0.0","4.2","1.17","WNW","2.1","16.3","0.26","-18.95646","-47.85953"
"D009881","BH Indianopolis","Indianopolis","MG","2026-08-11","23.9","31.3","18.5","57.0","0.0","4.6","1.91","WSW","1.4","17.4","0.26","-18.9565","-47.85952"
"D009881","BH Indianopolis","Indianopolis","MG","2026-08-12","21.9","30.0","15.9","66.0","0.0","4.3","1.6","SW","1.1","17.7","0.26","-18.9565","-47.85949"
"D009881","BH Indianopolis","Indianopolis","MG","2026-08-13","23.0","32.9","14.5","53.0","0.0","4.6","1.21","WSW","1.6","18.6","0.25","-18.95656","-47.85952"
"D009881","BH Indianopolis","Indianopolis","MG","2026-08-14","23.9","33.6","15.7","45.0","0.0","4.6","1.02","WSW","1.9","17.6","0.25","-18.95654","-47.8595"
"D009881","BH Indianopolis","Indianopolis","MG","2026-08-15","23.8","33.3","15.1","45.0","0.0","5.0","1.19","SW","1.9","18.6","0.24","-18.95645","-47.85955"
"D009881","BH Indianopolis","Indianopolis","MG","2026-08-16","23.3","31.4","15.6","50.0","0.0","5.0","1.83","WSW","1.6","18.7","0.24","-18.95648","-47.85955"
"D009881","BH Indianopolis","Indianopolis","MG","2026-08-17","22.1","30.6","15.6","60.0","0.0","4.7","1.74","WSW","1.3","18.6","0.24","-18.95649","-47.85956"
"D009881","BH Indianopolis","Indianopolis","MG","2026-08-18","22.0","31.6","14.2","58.0","0.0","4.6","1.55","WSW","1.3","19.3","0.24","-18.95651","-47.85953"
"D009881","BH Indianopolis","Indianopolis","MG","2026-08-19","22.6","31.4","15.2","49.0","0.0","5.0","1.38","WSW","1.7","19.5","0.23","-18.95651","-47.85952"
"D009881","BH Indianopolis","Indianopolis","MG","2026-08-20","23.3","32.8","13.9","41.0","0.0","5.2","1.48","SW","1.9","19.7","0.23","-18.95642","-47.8596"
"D009881","BH Indianopolis","Indianopolis","MG","2026-08-21","22.2","30.4","13.7","56.0","0.0","4.4","1.23","N","1.3","17.7","0.19","-18.95643","-47.85957"
"D009881","BH Indianopolis","Indianopolis","MG","2026-08-22","20.6","29.4","12.4","50.0","0.0","4.8","1.14","NNW","1.4","19.7","0.17","-18.95649","-47.85955"
"D009881","BH Indianopolis","Indianopolis","MG","2026-08-23","22.6","31.5","12.2","41.0","0.0","4.9","1.3","NW","1.8","18.5","0.16","-18.95647","-47.85954"
"D009881","BH Indianopolis","Indianopolis","MG","2026-08-24","23.7","32.4","14.0","39.0","0.0","5.1","1.36","NW","2.0","18.5","0.16","-18.9565","-47.85951"
"D009881","BH Indianopolis","Indianopolis","MG","2026-08-25","23.5","32.6","14.7","51.0","0.0","4.6","1.4","SW","1.6","17.4","0.16","-18.95647","-47.85953"
"D009881","BH Indianopolis","Indianopolis","MG","2026-08-26","21.1","30.6","16.1","67.0","2.0","3.5","1.72","WNW","1.0","13.5","0.15","-18.95646","-47.85956"
"D009881","BH Indianopolis","Indianopolis","MG","2026-08-27","21.0","29.3","15.7","76.0","7.4","4.1","1.73","SW","0.8","16.5","0.17","-18.9565","-47.8595"
"D009881","BH Indianopolis","Indianopolis","MG","2026-08-28","24.3","32.8","17.0","62.0","0.0","5.2","1.81","SSW","1.4","19.2","0.17","-18.9565","-47.85951"
"D009881","BH Indianopolis","Indianopolis","MG","2026-08-29","26.0","34.1","19.1","55.0","0.0","5.4","1.68","SW","1.8","18.9","0.16","-18.95645","-47.85956"
"D009881","BH Indianopolis","Indianopolis","MG","2026-08-30","26.5","35.4","18.8","52.0","0.0","5.9","1.97","SW","1.9","19.5","0.15","-18.95649","-47.85955"
"D009881","BH Indianopolis","Indianopolis","MG","2026-08-31","26.8","34.4","21.1","48.0","0.0","6.1","2.62","SSW","2.0","18.7","0.15","-18.95648","-47.85947"
"D009881","BH Indianopolis","Indianopolis","MG","2026-09-01","23.2","30.8","18.7","66.0","1.2","3.6","2.11","NW","1.1","12.8","0.16","-18.9565","-47.85953"
"D009881","BH Indianopolis","Indianopolis","MG","2026-09-02","21.7","29.9","17.7","68.0","0.0","4.4","1.48","N","1.0","18.3","0.15","-18.95649","-47.85956"
"D009881","BH Indianopolis","Indianopolis","MG","2026-09-03","22.8","33.0","13.5","59.0","0.0","5.2","1.96","WSW","1.4","20.9","0.15","-18.95648","-47.8595"
"D009881","BH Indianopolis","Indianopolis","MG","2026-09-04","24.8","34.3","17.1","55.0","0.0","5.2","1.82","SW","1.6","19.7","0.14","-18.95646","-47.85953"
"D009881","BH Indianopolis","Indianopolis","MG","2026-09-05","24.1","32.3","18.4","65.0","0.8","5.6","2.99","SE","1.2","19.0","0.14","-18.9565","-47.85957"
"D009881","BH Indianopolis","Indianopolis","MG","2026-09-06","20.5","25.1","17.8","86.0","0.7","1.9","1.49","N","0.4","8.4","0.16","-18.95654","-47.8595"
"D009881","BH Indianopolis","Indianopolis","MG","2026-09-07","20.9","28.2","17.9","89.0","1.7","2.2","1.75","WNW","0.3","9.3","0.16","-18.95645","-47.85955"
"D009881","BH Indianopolis","Indianopolis","MG","2026-09-08","20.8","27.0","17.3","88.0","0.5","2.5","2.33","SW","0.4","10.6","0.16","-18.95652","-47.85953"
"D009881","BH Indianopolis","Indianopolis","MG","2026-09-09","23.0","30.0","17.7","79.0","1.2","4.5","2.38","SSW","0.7","18.0","0.16","-18.95645","-47.85945"
"D009881","BH Indianopolis","Indianopolis","MG","2026-09-10","23.9","30.9","18.6","75.0","11.8","5.1","2.52","SSW","0.9","20.7","0.17","-18.95648","-47.85955"
"D009881","BH Indianopolis","Indianopolis","MG","2026-09-11","25.7","32.6","20.8","60.0","0.0","5.4","2.27","SSW","1.5","18.6","0.18","-18.95647","-47.85955"
"D009881","BH Indianopolis","Indianopolis","MG","2026-09-12","23.6","30.3","18.6","64.0","0.0","4.4","2.04","NW","1.1","16.9","0.19","-18.95648","-47.85953"
"D009881","BH Indianopolis","Indianopolis","MG","2026-09-13","23.6","32.4","16.8","66.0","0.0","4.5","1.66","NW","1.2","17.4","0.18","-18.95651","-47.85952"
"D009881","BH Indianopolis","Indianopolis","MG","2026-09-14","21.9","29.1","17.1","79.0","9.3","4.0","2.86","WNW","0.7","16.2","0.21","-18.95649","-47.85925"
"D009881","BH Indianopolis","Indianopolis","MG","2026-09-15","22.0","31.0","17.5","77.0","4.1","4.2","2.38","W","0.8","16.2","0.21","-18.95649","-47.85952"
"D009881","BH Indianopolis","Indianopolis","MG","2026-09-16","22.9","30.9","15.1","72.0","0.0","5.0","1.48","WNW","1.0","20.7","0.22","-18.95652","-47.85952"
"D009881","BH Indianopolis","Indianopolis","MG","2026-09-17","20.8","27.4","17.8","79.0","0.0","1.6","2.52","WSW","0.6","5.5","0.22","-18.95646","-47.85958"
"D006582","BW Mogi Mirim","Mogi Mirim","SP","2026-07-01","20.1","26.3","15.0","76.0","0.0","3.2","2.37","N","0.6","12.9","0.54","-22.4475","-47.07169"
"D006582","BW Mogi Mirim","Mogi Mirim","SP","2026-07-02","20.3","27.4","15.2","74.0","0.0","3.0","1.56","N","0.7","13.0","0.53","-22.44743","-47.0717"
"D006582","BW Mogi Mirim","Mogi Mirim","SP","2026-07-03","19.7","27.1","13.0","75.0","0.0","3.0","1.36","NNW","0.7","12.9","0.52","-22.44742","-47.07171"
"D006582","BW Mogi Mirim","Mogi Mirim","SP","2026-07-04","18.6","25.0","12.4","81.0","0.0","2.6","1.3","S","0.5","12.3","0.52","-22.44746","-47.07166"
"D006582","BW Mogi Mirim","Mogi Mirim","SP","2026-07-05","17.3","25.2","13.0","85.0","0.0","2.3","1.64","S","0.4","11.0","0.52","-22.44742","-47.0717"
"D006582","BW Mogi Mirim","Mogi Mirim","SP","2026-07-06","18.4","26.0","12.9","76.0","0.0","2.8","1.32","SW","0.6","12.3","0.52","-22.44746","-47.07169"
"D006582","BW Mogi Mirim","Mogi Mirim","SP","2026-07-07","17.8","24.1","12.7","79.0","0.0","2.2","1.7","W","0.5","9.2","0.52","-22.44738","-47.07168"
"D006582","BW Mogi Mirim","Mogi Mirim","SP","2026-07-08","16.2","22.9","11.2","81.0","0.0","2.6","1.22","SSW","0.4","11.7","0.52","-22.44745","-47.07164"
"D006582","BW Mogi Mirim","Mogi Mirim","SP","2026-07-09","17.1","26.5","10.1","71.0","0.0","2.9","1.16","WSW","0.7","13.2","0.52","-22.44743","-47.07169"
"D006582","BW Mogi Mirim","Mogi Mirim","SP","2026-07-10","18.0","27.1","10.7","68.0","0.0","3.2","1.75","N","0.8","13.1","0.52","-22.4475","-47.07166"
"D006582","BW Mogi Mirim","Mogi Mirim","SP","2026-07-11","19.6","28.0","13.0","67.0","0.0","3.5","2.42","NNW","0.9","12.5","0.52","-22.44745","-47.07167"
"D006582","BW Mogi Mirim","Mogi Mirim","SP","2026-07-12","18.2","22.7","15.2","88.0","7.2","1.7","2.55","NW","0.3","8.0","0.54","-22.44744","-47.07171"
"D006582","BW Mogi Mirim","Mogi Mirim","SP","2026-07-13","14.2","18.8","9.4","81.0","0.0","2.4","2.59","S","0.3","12.5","0.54","-22.44745","-47.07167"
"D006582","BW Mogi Mirim","Mogi Mirim","SP","2026-07-14","13.2","22.1","6.3","76.0","0.0","2.7","2.03","SSE","0.5","13.7","0.54","-22.44748","-47.07166"
"D006582","BW Mogi Mirim","Mogi Mirim","SP","2026-07-15","16.0","24.7","9.8","68.0","0.0","2.9","1.83","ENE","0.7","13.8","0.54","-22.44745","-47.07166"
"D006582","BW Mogi Mirim","Mogi Mirim","SP","2026-07-16","17.4","26.2","10.5","67.0","0.0","3.3","2.39","NE","0.8","13.7","0.54","-22.44747","-47.07162"
"D006582","BW Mogi Mirim","Mogi Mirim","SP","2026-07-17","16.5","24.1","10.9","68.0","0.0","3.4","3.12","NNE","0.7","13.8","0.53","-22.4475","-47.07164"
"D006582","BW Mogi Mirim","Mogi Mirim","SP","2026-07-18","16.7","23.7","10.4","68.0","0.0","3.5","2.96","N","0.7","13.9","0.53","-22.4475","-47.07167"
"D006582","BW Mogi Mirim","Mogi Mirim","SP","2026-07-19","17.9","24.7","11.0","68.0","0.0","3.5","2.62","NNE","0.7","14.0","0.52","-22.44752","-47.07168"
"D006582","BW Mogi Mirim","Mogi Mirim","SP","2026-07-20","19.4","26.8","13.4","67.0","0.0","3.6","2.24","N","0.9","14.0","0.51","-22.44744","-47.07162"
"D006582","BW Mogi Mirim","Mogi Mirim","SP","2026-07-21","19.2","26.7","13.3","66.0","0.0","3.9","2.67","N","0.9","14.0","0.51","-22.44746","-47.07166"
"D006582","BW Mogi Mirim","Mogi Mirim","SP","2026-07-22","19.9","28.0","12.5","67.0","0.0","3.6","2.32","NW","0.9","12.9","0.5","-22.44746","-47.07169"
"D006582","BW Mogi Mirim","Mogi Mirim","SP","2026-07-23","18.8","26.4","14.6","79.0","0.0","2.8","2.7","SSW","0.5","11.9","0.48","-22.44747","-47.07162"
"D006582","BW Mogi Mirim","Mogi Mirim","SP","2026-07-24","15.4","17.4","13.9","95.0","5.6","0.6","2.67","W","0.1","2.1","0.52","-22.44746","-47.07167"
"D006582","BW Mogi Mirim","Mogi Mirim","SP","2026-07-25","16.3","19.7","13.6","93.0","9.2","1.7","2.68","NNW","0.2","9.2","0.51","-22.44747","-47.07163"
"D006582","BW Mogi Mirim","Mogi Mirim","SP","2026-07-26","16.9","24.8","11.5","88.0","0.0","2.5","1.17","SSW","0.3","12.4","0.53","-22.44744","-47.07169"
"D006582","BW Mogi Mirim","Mogi Mirim","SP","2026-07-27","19.9","28.6","13.0","74.0","0.0","3.2","0.94","NNE","0.8","14.4","0.51","-22.44747","-47.07168"
"D006582","BW Mogi Mirim","Mogi Mirim","SP","2026-07-28","20.6","28.9","13.8","69.0","0.0","3.6","1.97","N","0.9","14.6","0.51","-22.44746","-47.07169"
"D006582","BW Mogi Mirim","Mogi Mirim","SP","2026-07-29","20.0","29.2","13.1","72.0","0.0","3.4","3.29","NNW","0.8","11.9","0.49","-22.44748","-47.07164"
"D006582","BW Mogi Mirim","Mogi Mirim","SP","2026-07-30","19.0","25.2","14.2","74.0","0.0","3.2","2.37","S","0.6","13.5","0.5","-22.44746","-47.07166"
"D006582","BW Mogi Mirim","Mogi Mirim","SP","2026-07-31","19.1","28.7","12.1","72.0","0.0","3.5","2.02","SE","0.8","15.0","0.5","-22.44749","-47.07165"
"D006582","BW Mogi Mirim","Mogi Mirim","SP","2026-08-01","19.2","26.9","12.8","71.0","0.0","3.6","2.49","NNE","0.8","15.0","0.5","-22.44748","-47.07163"
"D006582","BW Mogi Mirim","Mogi Mirim","SP","2026-08-02","20.2","28.9","13.0","67.0","0.0","3.6","2.05","NNE","0.9","14.9","0.5","-22.44746","-47.07168"
"D006582","BW Mogi Mirim","Mogi Mirim","SP","2026-08-03","20.1","28.0","13.8","64.0","0.0","3.4","1.84","NNE","1.0","12.7","0.48","-22.44749","-47.07166"
"D006582","BW Mogi Mirim","Mogi Mirim","SP","2026-08-04","19.6","25.1","14.2","68.0","0.0","2.5","1.54","NNE","0.8","9.4","0.48","-22.4475","-47.0717"
"D006582","BW Mogi Mirim","Mogi Mirim","SP","2026-08-05","21.3","28.2","14.7","63.0","0.0","3.9","2.4","N","1.0","14.1","0.47","-22.44746","-47.07173"
"D006582","BW Mogi Mirim","Mogi Mirim","SP","2026-08-06","20.9","26.6","16.3","73.0","0.0","3.8","3.63","N","0.7","14.1","0.47","-22.44744","-47.07168"
"D006582","BW Mogi Mirim","Mogi Mirim","SP","2026-08-07","19.5","25.9","16.3","80.0","20.5","2.1","2.6","NNW","0.5","7.9","0.47","-22.44748","-47.07167"
"D006582","BW Mogi Mirim","Mogi Mirim","SP","2026-08-08","21.8","29.2","16.7","80.0","1.2","3.5","2.74","N","0.6","14.2","0.52","-22.44744","-47.07164"
"D006582","BW Mogi Mirim","Mogi Mirim","SP","2026-08-09","23.3","31.1","17.6","71.0","0.0","3.7","2.37","WNW","1.0","13.0","0.52","-22.44744","-47.07169"
"D006582","BW Mogi Mirim","Mogi Mirim","SP","2026-08-10","18.4","25.2","14.2","85.0","0.0","3.0","3.29","S","0.4","13.7","0.52","-22.44744","-47.07171"
"D006582","BW Mogi Mirim","Mogi Mirim","SP","2026-08-11","18.0","26.0","12.7","81.0","0.0","3.2","2.67","S","0.5","15.7","0.52","-22.44747","-47.07168"
"D006582","BW Mogi Mirim","Mogi Mirim","SP","2026-08-12","20.7","28.7","13.1","79.0","0.0","3.4","1.65","NNW","0.6","14.8","0.53","-22.44746","-47.07169"
"D006582","BW Mogi Mirim","Mogi Mirim","SP","2026-08-13","23.5","30.6","17.9","67.0","0.0","4.2","2.71","NNW","1.1","14.3","0.52","-22.4475","-47.0717"
"D006582","BW Mogi Mirim","Mogi Mirim","SP","2026-08-14","23.3","32.1","16.5","68.0","0.0","3.6","1.32","SSW","1.1","14.6","0.53","-22.44751","-47.07167"
"D006582","BW Mogi Mirim","Mogi Mirim","SP","2026-08-15","21.7","28.4","16.8","76.0","0.0","3.4","2.58","SSE","0.7","14.9","0.53","-22.44748","-47.07168"
"D006582","BW Mogi Mirim","Mogi Mirim","SP","2026-08-16","22.9","31.2","16.2","68.0","0.0","3.7","1.58","E","1.0","15.0","0.52","-22.44745","-47.07173"
"D006582","BW Mogi Mirim","Mogi Mirim","SP","2026-08-17","24.0","32.8","17.2","65.0","0.0","3.9","2.12","NNE","1.2","15.7","0.52","-22.44747","-47.07168"
"D006582","BW Mogi Mirim","Mogi Mirim","SP","2026-08-18","23.3","31.2","16.7","64.0","0.0","3.9","1.69","NNW","1.2","15.9","0.51","-22.44745","-47.07168"
"D006582","BW Mogi Mirim","Mogi Mirim","SP","2026-08-19","23.6","32.4","16.5","60.0","0.0","4.1","1.67","N","1.3","16.0","0.49","-22.4475","-47.07171"
"D006582","BW Mogi Mirim","Mogi Mirim","SP","2026-08-20","24.1","31.5","16.8","54.0","0.0","5.2","2.69","N","1.6","16.2","0.48","-22.44741","-47.07172"
"D006582","BW Mogi Mirim","Mogi Mirim","SP","2026-08-21","21.0","26.3","15.3","62.0","0.0","3.6","3.24","WNW","1.0","12.3","0.47","-22.44748","-47.07166"
"D006582","BW Mogi Mirim","Mogi Mirim","SP","2026-08-22","17.6","25.4","11.2","66.0","0.0","3.8","1.95","SSW","0.8","16.8","0.45","-22.44745","-47.07167"
"D006582","BW Mogi Mirim","Mogi Mirim","SP","2026-08-23","17.5","26.4","10.4","69.0","0.0","3.9","1.98","S","0.8","16.8","0.44","-22.44745","-47.07169"
"D006582","BW Mogi Mirim","Mogi Mirim","SP","2026-08-24","18.1","28.6","11.1","76.0","0.0","3.7","2.46","S","0.7","16.3","0.41","-22.44747","-47.07169"
"D006582","BW Mogi Mirim","Mogi Mirim","SP","2026-08-25","17.8","25.8","13.0","84.0","0.0","2.1","2.0","SSW","0.4","9.6","0.4","-22.4475","-47.07169"
"D006582","BW Mogi Mirim","Mogi Mirim","SP","2026-08-26","18.0","22.0","16.0","91.0","3.7","1.3","1.78","N","0.2","5.6","0.43","-22.44745","-47.07168"
"D006582","BW Mogi Mirim","Mogi Mirim","SP","2026-08-27","21.0","28.3","16.3","79.0","0.4","3.8","2.33","NNE","0.6","16.6","0.45","-22.44751","-47.07165"
"D006582","BW Mogi Mirim","Mogi Mirim","SP","2026-08-28","23.5","31.8","15.8","70.0","0.0","4.3","2.48","N","1.0","16.2","0.44","-22.44747","-47.07167"
"D006582","BW Mogi Mirim","Mogi Mirim","SP","2026-08-29","25.7","33.6","20.2","66.0","0.0","4.6","2.78","NNW","1.3","14.9","0.43","-22.44747","-47.07166"
"D006582","BW Mogi Mirim","Mogi Mirim","SP","2026-08-30","25.7","33.8","20.4","68.0","0.0","4.9","2.99","N","1.2","16.2","0.41","-22.44745","-47.07169"
"D006582","BW Mogi Mirim","Mogi Mirim","SP","2026-08-31","25.0","31.9","18.7","70.0","0.1","4.3","3.56","NNE","1.1","14.2","0.4","-22.44745","-47.07167"
"D006582","BW Mogi Mirim","Mogi Mirim","SP","2026-09-01","19.2","24.5","17.2","93.0","15.9","0.6","3.34","N","0.2","2.1","0.46","-22.44746","-47.07169"
"D006582","BW Mogi Mirim","Mogi Mirim","SP","2026-09-02","18.1","24.9","12.7","77.0","0.0","3.9","2.36","SSE","0.6","18.6","0.46","-22.44751","-47.07166"
"D006582","BW Mogi Mirim","Mogi Mirim","SP","2026-09-03","20.2","29.8","11.9","71.0","0.0","4.4","2.32","N","0.9","18.8","0.46","-22.44743","-47.07167"
"D006582","BW Mogi Mirim","Mogi Mirim","SP","2026-09-04","23.1","32.4","15.7","63.0","0.8","4.7","2.68","NNW","1.3","17.9","0.46","-22.44747","-47.0717"
"D006582","BW Mogi Mirim","Mogi Mirim","SP","2026-09-05","20.0","24.9","17.0","86.0","12.3","2.0","2.43","NW","0.4","8.8","0.46","-22.44749","-47.07169"
"D006582","BW Mogi Mirim","Mogi Mirim","SP","2026-09-06","14.6","19.0","12.1","93.0","0.9","0.6","3.58","SSE","0.1","2.6","0.49","-22.44745","-47.07165"
"D006582","BW Mogi Mirim","Mogi Mirim","SP","2026-09-07","13.5","15.8","11.8","86.0","0.3","1.2","3.45","SSE","0.2","5.4","0.48","-22.44743","-47.07166"
"D006582","BW Mogi Mirim","Mogi Mirim","SP","2026-09-08","17.7","22.6","13.4","86.0","0.0","1.8","1.53","E","0.3","8.5","0.48","-22.44746","-47.07168"
"D006582","BW Mogi Mirim","Mogi Mirim","SP","2026-09-09","19.0","21.4","16.6","93.0","6.4","1.1","2.0","NNE","0.2","4.6","0.49","-22.44747","-47.0717"
"D006582","BW Mogi Mirim","Mogi Mirim","SP","2026-09-10","18.6","23.7","15.8","94.0","40.1","1.2","2.67","NNE","0.1","5.8","0.5","-22.44748","-47.0717"
"D006582","BW Mogi Mirim","Mogi Mirim","SP","2026-09-11","21.0","28.6","16.2","90.0","24.5","2.3","2.91","NE","0.3","11.0","0.51","-22.44749","-47.07175"
"D006582","BW Mogi Mirim","Mogi Mirim","SP","2026-09-12","19.7","22.6","17.1","90.0","15.5","1.3","2.43","E","0.2","5.6","0.51","-22.44748","-47.07171"
"D006582","BW Mogi Mirim","Mogi Mirim","SP","2026-09-13","17.8","21.2","14.7","91.0","3.1","1.9","2.79","S","0.2","9.7","0.51","-22.44745","-47.07169"
"D006582","BW Mogi Mirim","Mogi Mirim","SP","2026-09-14","15.5","17.0","14.4","97.0","24.6","0.7","1.99","S","0.1","3.5","0.52","-22.44749","-47.07168"
"D006582","BW Mogi Mirim","Mogi Mirim","SP","2026-09-15","17.2","21.1","15.4","91.0","4.5","2.2","1.85","SSW","0.2","11.0","0.52","-22.44745","-47.07169"
"D006582","BW Mogi Mirim","Mogi Mirim","SP","2026-09-16","17.7","24.0","13.0","82.0","0.0","4.3","2.77","S","0.5","21.6","0.52","-22.44749","-47.0717"
"D006582","BW Mogi Mirim","Mogi Mirim","SP","2026-09-17","15.3","22.2","13.6","89.0","0.0","0.7","2.47","SSE","0.2","4.4","0.52","-22.44747","-47.07167"
"D006917","BC Planaltina","Planaltina","DF","2026-07-01","19.6","25.7","15.4","56.0","0.0","4.0","2.11","SSW","1.1","16.5","0.28","-15.72568","-47.6103"
"D006917","BC Planaltina","Planaltina","DF","2026-07-02","19.0","25.0","14.6","69.0","0.0","3.2","1.81","SSW","0.7","14.1","0.27","-15.72566","-47.61029"
"D006917","BC Planaltina","Planaltina","DF","2026-07-03","19.2","25.0","14.3","64.0","0.0","3.9","1.85","SSW","0.9","16.6","0.27","-15.72565","-47.61031"
"D006917","BC Planaltina","Planaltina","DF","2026-07-04","20.7","27.1","15.4","59.0","0.0","3.8","1.44","SW","1.1","15.9","0.26","-15.72567","-47.61034"
"D006917","BC Planaltina","Planaltina","DF","2026-07-05","21.4","27.4","17.8","57.0","0.0","3.9","1.45","SSW","1.2","16.6","0.26","-15.72569","-47.61032"
"D006917","BC Planaltina","Planaltina","DF","2026-07-06","21.2","28.0","17.1","56.0","0.0","3.1","1.65","SSW","1.2","11.2","0.26","-15.72569","-47.61028"
"D006917","BC Planaltina","Planaltina","DF","2026-07-07","21.8","30.0","14.8","51.0","0.0","4.2","1.29","WSW","1.5","16.4","0.25","-15.72564","-47.6103"
"D006917","BC Planaltina","Planaltina","DF","2026-07-08","21.0","29.0","16.5","55.0","0.0","3.6","1.51","SW","1.2","14.9","0.25","-15.72561","-47.61026"
"D006917","BC Planaltina","Planaltina","DF","2026-07-09","21.6","30.0","17.1","55.0","0.0","4.0","1.62","SSW","1.3","16.1","0.24","-15.72567","-47.61033"
"D006917","BC Planaltina","Planaltina","DF","2026-07-10","21.4","27.9","17.2","57.0","0.0","3.5","1.75","SSW","1.2","14.2","0.24","-15.72564","-47.61028"
"D006917","BC Planaltina","Planaltina","DF","2026-07-11","21.8","29.8","17.0","59.0","0.0","3.4","1.94","SSE","1.2","12.7","0.23","-15.72567","-47.61031"
"D006917","BC Planaltina","Planaltina","DF","2026-07-12","21.7","28.6","16.2","60.0","0.0","3.3","1.32","NE","1.2","12.1","0.24","-15.7257","-47.61031"
"D006917","BC Planaltina","Planaltina","DF","2026-07-13","21.7","28.0","16.3","64.0","0.0","3.9","1.43","NNW","1.0","16.0","0.23","-15.72568","-47.61029"
"D006917","BC Planaltina","Planaltina","DF","2026-07-14","20.0","27.3","14.7","66.0","0.0","3.9","1.83","WSW","0.9","16.6","0.23","-15.72566","-47.61028"
"D006917","BC Planaltina","Planaltina","DF","2026-07-15","19.5","26.3","13.7","67.0","0.0","3.6","2.68","SSW","0.8","15.3","0.21","-15.72566","-47.61027"
"D006917","BC Planaltina","Planaltina","DF","2026-07-16","18.4","24.9","13.0","67.0","0.0","3.9","2.48","SSW","0.8","16.9","0.21","-15.7257","-47.61025"
"D006917","BC Planaltina","Planaltina","DF","2026-07-17","16.6","23.3","11.1","59.0","0.0","3.9","2.82","SSW","0.9","17.4","0.2","-15.72564","-47.61028"
"D006917","BC Planaltina","Planaltina","DF","2026-07-18","17.5","24.9","11.3","64.0","0.0","3.9","2.64","SSW","0.8","17.2","0.2","-15.72568","-47.6103"
"D006917","BC Planaltina","Planaltina","DF","2026-07-19","19.2","26.4","13.4","61.0","0.0","4.3","3.25","S","1.0","17.3","0.19","-15.72566","-47.61028"
"D006917","BC Planaltina","Planaltina","DF","2026-07-20","19.8","28.0","14.2","59.0","0.0","3.6","3.01","SSW","1.0","15.3","0.19","-15.72564","-47.61031"
"D006917","BC Planaltina","Planaltina","DF","2026-07-21","21.1","29.6","16.4","52.0","0.0","4.5","2.69","S","1.3","17.5","0.18","-15.72563","-47.6103"
"D006917","BC Planaltina","Planaltina","DF","2026-07-22","21.9","29.4","15.8","51.0","0.0","3.4","2.2","S","1.4","12.5","0.18","-15.72569","-47.61025"
"D006917","BC Planaltina","Planaltina","DF","2026-07-23","23.3","30.7","18.4","46.0","0.0","4.3","1.61","SSW","1.7","16.7","0.18","-15.72566","-47.61023"
"D006917","BC Planaltina","Planaltina","DF","2026-07-24","23.8","30.2","19.3","46.0","0.0","3.8","2.16","S","1.7","13.0","0.18","-15.72566","-47.61031"
"D006917","BC Planaltina","Planaltina","DF","2026-07-25","21.4","30.1","14.4","61.0","0.0","4.1","2.35","SSW","1.1","16.5","0.18","-15.72568","-47.61027"
"D006917","BC Planaltina","Planaltina","DF","2026-07-26","21.5","29.0","16.8","60.0","0.0","3.9","1.85","SW","1.1","16.3","0.18","-15.72568","-47.61029"
"D006917","BC Planaltina","Planaltina","DF","2026-07-27","22.8","30.0","17.6","50.0","0.0","4.4","1.5","SSW","1.5","18.0","0.17","-15.72567","-47.61028"
"D006917","BC Planaltina","Planaltina","DF","2026-07-28","22.8","31.1","16.5","51.0","0.0","4.4","2.56","S","1.5","16.3","0.17","-15.7256","-47.61029"
"D006917","BC Planaltina","Planaltina","DF","2026-07-29","24.7","31.6","20.2","44.0","0.0","4.3","2.29","S","1.8","15.3","0.17","-15.72565","-47.61025"
"D006917","BC Planaltina","Planaltina","DF","2026-07-30","24.4","30.5","19.8","41.0","0.0","4.8","1.87","SSW","1.9","17.1","0.17","-15.72563","-47.61029"
"D006917","BC Planaltina","Planaltina","DF","2026-07-31","21.2","27.5","15.6","46.0","0.0","4.7","2.33","SSW","1.4","18.2","0.16","-15.72562","-47.61031"
"D006917","BC Planaltina","Planaltina","DF","2026-08-01","19.9","28.3","13.9","51.0","0.0","4.5","2.91","SSW","1.3","18.4","0.16","-15.7257","-47.6103"
"D006917","BC Planaltina","Planaltina","DF","2026-08-02","19.9","26.9","14.3","56.0","0.1","4.2","2.93","SSW","1.1","17.3","0.16","-15.72563","-47.61032"
"D006917","BC Planaltina","Planaltina","DF","2026-08-03","20.3","26.6","15.9","61.0","0.0","3.7","2.9","S","1.0","14.3","0.16","-15.72564","-47.61028"
"D006917","BC Planaltina","Planaltina","DF","2026-08-04","20.5","27.3","15.6","58.0","0.0","3.9","2.49","SSW","1.1","15.1","0.16","-15.72566","-47.61028"
"D006917","BC Planaltina","Planaltina","DF","2026-08-05","22.1","29.3","17.0","47.0","0.0","4.0","2.3","SSW","1.5","15.3","0.16","-15.72563","-47.6103"
"D006917","BC Planaltina","Planaltina","DF","2026-08-06","23.0","30.8","17.2","43.0","0.0","5.1","2.69","SSE","1.7","18.4","0.15","-15.72566","-47.61031"
"D006917","BC Planaltina","Planaltina","DF","2026-08-07","23.2","30.3","16.6","46.0","0.0","4.8","1.98","ESE","1.6","16.6","0.15","-15.7257","-47.61025"
"D006917","BC Planaltina","Planaltina","DF","2026-08-08","24.2","32.2","17.2","45.0","0.0","5.2","1.61","SE","1.9","18.7","0.15","-15.72569","-47.6103"
"D006917","BC Planaltina","Planaltina","DF","2026-08-09","25.6","33.3","17.8","40.0","0.0","4.6","1.2","WNW","2.1","17.0","0.15","-15.72568","-47.6103"
"D006917","BC Planaltina","Planaltina","DF","2026-08-10","25.9","33.2","21.2","39.0","0.0","5.1","1.76","SW","2.1","17.5","0.15","-15.7256","-47.61034"
"D006917","BC Planaltina","Planaltina","DF","2026-08-11","23.8","29.5","19.0","40.0","0.0","5.5","3.06","SSW","1.8","18.9","0.15","-15.72567","-47.61028"
"D006917","BC Planaltina","Planaltina","DF","2026-08-12","22.0","28.6","16.6","56.0","0.0","4.6","2.72","SSW","1.2","18.1","0.15","-15.72568","-47.61025"
"D006917","BC Planaltina","Planaltina","DF","2026-08-13","23.5","30.2","17.6","48.0","0.0","4.2","2.13","SSW","1.6","15.6","0.15","-15.7257","-47.6103"
"D006917","BC Planaltina","Planaltina","DF","2026-08-14","25.0","32.2","19.7","38.0","0.0","4.9","1.56","SW","2.1","19.1","0.14","-15.72568","-47.61026"
"D006917","BC Planaltina","Planaltina","DF","2026-08-15","24.6","31.7","16.8","37.0","0.0","5.6","2.7","S","2.1","18.6","0.14","-15.72562","-47.61027"
"D006917","BC Planaltina","Planaltina","DF","2026-08-16","23.5","29.9","17.8","45.0","0.0","5.5","3.56","SSW","1.7","18.8","0.14","-15.72566","-47.61033"
"D006917","BC Planaltina","Planaltina","DF","2026-08-17","21.8","27.9","16.1","57.0","0.0","4.8","2.74","SSW","1.2","19.3","0.14","-15.72569","-47.61021"
"D006917","BC Planaltina","Planaltina","DF","2026-08-18","21.7","29.3","15.4","58.0","0.0","4.8","2.84","SSW","1.2","19.3","0.14","-15.72563","-47.61028"
"D006917","BC Planaltina","Planaltina","DF","2026-08-19","23.0","31.5","15.6","46.0","0.0","5.0","2.29","SSW","1.7","19.8","0.14","-15.72566","-47.61024"
"D006917","BC Planaltina","Planaltina","DF","2026-08-20","24.3","32.8","18.8","35.0","0.0","5.4","2.13","SSW","2.1","19.8","0.14","-15.72568","-47.61022"
"D006917","BC Planaltina","Planaltina","DF","2026-08-21","25.1","32.3","18.5","36.0","0.0","5.0","1.37","NW","2.1","18.7","0.14","-15.72567","-47.61024"
"D006917","BC Planaltina","Planaltina","DF","2026-08-22","24.3","33.4","17.5","51.0","0.0","4.2","1.54","W","1.7","16.7","0.14","-15.72564","-47.61025"
"D006917","BC Planaltina","Planaltina","DF","2026-08-23","25.1","34.2","18.7","42.0","0.0","4.4","1.56","WSW","2.0","16.2","0.14","-15.7257","-47.61028"
"D006917","BC Planaltina","Planaltina","DF","2026-08-24","24.9","33.9","19.2","47.0","0.0","4.5","2.18","SW","1.8","15.5","0.14","-15.72561","-47.61032"
"D006917","BC Planaltina","Planaltina","DF","2026-08-25","23.7","31.9","17.5","57.0","3.4","5.0","3.29","S","1.4","17.7","0.17","-15.72563","-47.61025"
"D006917","BC Planaltina","Planaltina","DF","2026-08-26","25.4","33.0","20.0","48.0","0.0","5.4","2.51","S","1.8","17.6","0.16","-15.72569","-47.61026"
"D006917","BC Planaltina","Planaltina","DF","2026-08-27","22.3","30.5","15.6","64.0","0.0","4.3","2.44","SW","1.1","17.6","0.16","-15.72562","-47.61027"
"D006917","BC Planaltina","Planaltina","DF","2026-08-28","25.3","34.1","19.0","49.0","0.0","5.7","2.78","S","1.8","19.8","0.16","-15.72566","-47.61028"
"D006917","BC Planaltina","Planaltina","DF","2026-08-29","26.7","34.4","21.9","40.0","0.0","4.5","1.92","S","2.2","14.3","0.15","-15.72567","-47.6103"
"D006917","BC Planaltina","Planaltina","DF","2026-08-30","27.3","35.5","20.5","40.0","0.0","5.6","2.58","S","2.3","18.3","0.15","-15.72565","-47.61028"
"D006917","BC Planaltina","Planaltina","DF","2026-08-31","26.3","34.4","19.5","38.0","0.0","6.5","3.75","S","2.3","20.1","0.15","-15.72561","-47.61024"
"D006917","BC Planaltina","Planaltina","DF","2026-09-01","25.9","34.7","16.6","41.0","0.0","6.7","2.82","ESE","2.2","20.2","0.15","-15.72569","-47.61024"
"D006917","BC Planaltina","Planaltina","DF","2026-09-02","22.2","27.8","19.0","72.0","0.0","2.4","1.68","WSW","0.8","8.6","0.16","-15.72568","-47.61028"
"D006917","BC Planaltina","Planaltina","DF","2026-09-03","23.8","32.4","18.4","65.0","0.0","4.5","2.09","SSW","1.2","17.5","0.15","-15.72563","-47.61026"
"D006917","BC Planaltina","Planaltina","DF","2026-09-04","22.2","30.9","18.0","74.0","0.5","3.8","3.34","SE","0.8","14.2","0.16","-15.72563","-47.61031"
"D006917","BC Planaltina","Planaltina","DF","2026-09-05","22.5","31.9","18.1","73.0","14.4","4.5","3.23","ESE","0.9","16.6","0.16","-15.72562","-47.61031"
"D006917","BC Planaltina","Planaltina","DF","2026-09-06","21.5","29.3","18.2","77.0","5.9","3.1","1.7","NW","0.6","13.3","0.18","-15.7257","-47.61024"
"D006917","BC Planaltina","Planaltina","DF","2026-09-07","21.2","26.1","18.5","81.0","5.0","2.4","1.66","WSW","0.5","10.3","0.19","-15.72569","-47.61027"
"D006917","BC Planaltina","Planaltina","DF","2026-09-08","20.4","25.4","17.8","84.0","0.1","2.7","3.31","S","0.4","11.6","0.22","-15.72568","-47.61034"
"D006917","BC Planaltina","Planaltina","DF","2026-09-09","22.8","29.2","18.3","71.0","0.0","4.9","3.15","S","0.9","19.4","0.22","-15.72566","-47.61033"
"D006917","BC Planaltina","Planaltina","DF","2026-09-10","24.7","31.6","19.1","60.0","0.2","6.0","3.42","S","1.4","21.7","0.27","-15.72567","-47.61026"
"D006917","BC Planaltina","Planaltina","DF","2026-09-11","25.0","32.1","19.6","47.0","0.0","6.8","3.84","SSE","1.8","22.4","0.3","-15.72566","-47.6103"
"D006917","BC Planaltina","Planaltina","DF","2026-09-12","25.4","33.5","16.1","47.0","0.0","5.1","2.06","SSE","1.9","18.7","0.33","-15.72565","-47.61029"
"D006917","BC Planaltina","Planaltina","DF","2026-09-13","25.6","33.3","19.7","55.0","0.0","4.9","1.91","SW","1.6","18.0","0.32","-15.72566","-47.61024"
"D006917","BC Planaltina","Planaltina","DF","2026-09-14","25.3","33.7","19.2","49.0","0.0","6.5","2.72","S","1.8","22.1","0.29","-15.72568","-47.6103"
"D006917","BC Planaltina","Planaltina","DF","2026-09-15","23.5","32.4","18.5","63.0","5.2","4.0","1.87","WSW","1.2","15.8","0.28","-15.72574","-47.61029"
"D006917","BC Planaltina","Planaltina","DF","2026-09-16","23.5","31.3","17.3","68.0","0.3","5.2","1.95","SW","1.1","21.9","0.31","-15.72574","-47.61032"
"D006917","BC Planaltina","Planaltina","DF","2026-09-17","21.7","27.9","19.4","72.0","0.0","1.6","2.0","WSW","0.8","6.3","0.31","-15.72565","-47.61028"
"D006642","BL Ponta Grossa","Ponta Grossa","PR","2026-07-01","18.6","22.9","15.1","79.0","0.0","2.9","2.96","NW","0.5","12.8","0.44","-25.5891","-51.4922"
"D006642","BL Ponta Grossa","Ponta Grossa","PR","2026-07-02","18.2","23.1","15.0","80.0","0.0","2.5","2.32","WNW","0.5","10.1","0.43","-25.58904","-51.49225"
"D006642","BL Ponta Grossa","Ponta Grossa","PR","2026-07-03","13.1","18.7","8.8","90.0","0.0","1.9","1.37","WSW","0.2","10.7","0.43","-25.58908","-51.49222"
"D006642","BL Ponta Grossa","Ponta Grossa","PR","2026-07-04","13.3","19.5","9.2","80.0","0.0","2.1","1.45","NE","0.3","10.4","0.42","-25.58909","-51.49225"
"D006642","BL Ponta Grossa","Ponta Grossa","PR","2026-07-05","14.9","22.3","10.4","82.0","0.0","2.0","1.32","N","0.4","9.2","0.43","-25.58907","-51.49224"
"D006642","BL Ponta Grossa","Ponta Grossa","PR","2026-07-06","13.7","18.9","10.4","92.0","4.6","1.2","1.76","WNW","0.2","6.1","0.43","-25.58909","-51.49224"
"D006642","BL Ponta Grossa","Ponta Grossa","PR","2026-07-07","9.7","17.1","3.1","81.0","0.0","2.4","1.46","SW","0.3","13.5","0.44","-25.58907","-51.49222"
"D006642","BL Ponta Grossa","Ponta Grossa","PR","2026-07-08","10.5","22.4","1.9","64.0","0.0","2.8","1.32","NE","0.7","13.6","0.44","-25.58909","-51.49224"
"D006642","BL Ponta Grossa","Ponta Grossa","PR","2026-07-09","13.9","23.0","5.8","62.0","0.0","3.0","1.59","N","0.8","13.6","0.44","-25.58907","-51.49221"
"D006642","BL Ponta Grossa","Ponta Grossa","PR","2026-07-10","13.8","19.6","10.0","87.0","12.9","1.0","1.59","NNE","0.2","4.4","0.46","-25.5891","-51.49223"
"D006642","BL Ponta Grossa","Ponta Grossa","PR","2026-07-11","14.7","17.8","12.1","93.0","21.5","0.7","2.33","WNW","0.1","3.0","0.46","-25.58907","-51.49222"
"D006642","BL Ponta Grossa","Ponta Grossa","PR","2026-07-12","11.8","15.7","5.2","86.0","0.0","2.0","2.32","SSW","0.2","10.9","0.46","-25.58908","-51.49226"
"D006642","BL Ponta Grossa","Ponta Grossa","PR","2026-07-13","7.4","15.1","1.1","77.0","0.0","2.3","1.45","E","0.3","13.8","0.45","-25.58908","-51.49224"
"D006642","BL Ponta Grossa","Ponta Grossa","PR","2026-07-14","8.2","14.1","4.0","82.0","0.0","2.2","3.32","NE","0.2","14.1","0.44","-25.58909","-51.49224"
"D006642","BL Ponta Grossa","Ponta Grossa","PR","2026-07-15","11.8","20.8","5.9","76.0","0.0","2.8","2.33","NNE","0.4","14.1","0.44","-25.58911","-51.49225"
"D006642","BL Ponta Grossa","Ponta Grossa","PR","2026-07-16","15.5","24.3","9.0","71.0","0.0","3.2","2.27","N","0.6","14.2","0.43","-25.5891","-51.49228"
"D006642","BL Ponta Grossa","Ponta Grossa","PR","2026-07-17","17.3","22.9","12.8","73.0","0.0","3.0","2.82","NNW","0.6","12.9","0.43","-25.58908","-51.49223"
"D006642","BL Ponta Grossa","Ponta Grossa","PR","2026-07-18","17.3","22.2","13.5","67.0","0.0","3.3","2.6","NW","0.7","14.0","0.43","-25.5891","-51.49222"
"D006642","BL Ponta Grossa","Ponta Grossa","PR","2026-07-19","17.5","21.9","14.0","64.0","0.0","3.4","3.01","NW","0.8","14.0","0.43","-25.58907","-51.49225"
"D006642","BL Ponta Grossa","Ponta Grossa","PR","2026-07-20","18.3","22.0","15.7","66.0","0.0","2.4","2.67","NW","0.7","9.0","0.43","-25.58907","-51.49227"
"D006642","BL Ponta Grossa","Ponta Grossa","PR","2026-07-21","19.3","23.2","16.9","68.0","0.0","2.8","3.12","NW","0.7","10.7","0.43","-25.58909","-51.4922"
"D006642","BL Ponta Grossa","Ponta Grossa","PR","2026-07-22","13.7","19.5","11.8","91.0","77.4","0.3","2.3","N","0.2","0.8","0.48","-25.58908","-51.49222"
"D006642","BL Ponta Grossa","Ponta Grossa","PR","2026-07-23","15.0","22.1","12.1","86.0","0.0","2.5","1.32","NW","0.3","12.3","0.45","-25.5891","-51.49221"
"D006642","BL Ponta Grossa","Ponta Grossa","PR","2026-07-24","12.0","14.0","10.6","93.0","19.2","1.0","2.7","NE","0.1","5.6","0.45","-25.5891","-51.49223"
"D006642","BL Ponta Grossa","Ponta Grossa","PR","2026-07-25","14.6","20.2","10.1","90.0","8.7","2.0","1.54","NNW","0.2","10.7","0.45","-25.58908","-51.49222"
"D006642","BL Ponta Grossa","Ponta Grossa","PR","2026-07-26","16.6","22.1","12.6","89.0","0.0","2.4","1.36","N","0.2","11.2","0.46","-25.58909","-51.49223"
"D006642","BL Ponta Grossa","Ponta Grossa","PR","2026-07-27","18.2","24.4","12.5","84.0","0.0","2.9","1.66","NNW","0.4","12.9","0.46","-25.58909","-51.49224"
"D006642","BL Ponta Grossa","Ponta Grossa","PR","2026-07-28","19.3","24.7","15.2","76.0","0.0","3.3","2.56","NW","0.6","14.1","0.47","-25.58911","-51.49225"
"D006642","BL Ponta Grossa","Ponta Grossa","PR","2026-07-29","14.8","19.4","12.0","87.0","44.2","0.7","2.7","N","0.2","2.7","0.48","-25.58911","-51.49222"
"D006642","BL Ponta Grossa","Ponta Grossa","PR","2026-07-30","16.4","24.6","12.3","86.0","0.0","2.9","1.91","NE","0.3","13.9","0.49","-25.5891","-51.49226"
"D006642","BL Ponta Grossa","Ponta Grossa","PR","2026-07-31","15.2","21.5","11.3","83.0","0.0","3.0","3.31","NE","0.4","15.1","0.49","-25.58909","-51.49222"
"D006642","BL Ponta Grossa","Ponta Grossa","PR","2026-08-01","16.7","23.9","9.7","77.0","0.0","3.3","2.44","N","0.5","15.3","0.49","-25.58907","-51.49222"
"D006642","BL Ponta Grossa","Ponta Grossa","PR","2026-08-02","17.4","24.2","12.7","78.0","0.0","2.7","1.67","NNE","0.5","11.2","0.48","-25.5891","-51.49221"
"D006642","BL Ponta Grossa","Ponta Grossa","PR","2026-08-03","17.6","23.0","14.4","79.0","0.0","1.9","1.56","NE","0.4","8.3","0.49","-25.5891","-51.49217"
"D006642","BL Ponta Grossa","Ponta Grossa","PR","2026-08-04","17.0","24.0","12.1","77.0","0.0","2.9","1.44","N","0.5","12.3","0.49","-25.58909","-51.49224"
"D006642","BL Ponta Grossa","Ponta Grossa","PR","2026-08-05","15.2","18.0","13.6","91.0","11.6","1.0","1.66","NW","0.2","4.9","0.51","-25.5891","-51.4922"
"D006642","BL Ponta Grossa","Ponta Grossa","PR","2026-08-06","14.8","18.8","12.5","91.0","8.4","1.2","1.99","WNW","0.2","5.7","0.52","-25.58908","-51.49218"
"D006642","BL Ponta Grossa","Ponta Grossa","PR","2026-08-07","15.4","20.0","13.3","93.0","11.9","1.4","1.92","WNW","0.1","7.1","0.52","-25.58907","-51.49222"
"D006642","BL Ponta Grossa","Ponta Grossa","PR","2026-08-08","16.7","20.8","13.4","95.0","17.1","1.2","2.83","WNW","0.1","5.6","0.52","-25.58909","-51.49224"
"D006642","BL Ponta Grossa","Ponta Grossa","PR","2026-08-09","15.8","21.0","12.2","92.0","15.0","1.6","1.54","NE","0.2","8.0","0.51","-25.58914","-51.49225"
"D006642","BL Ponta Grossa","Ponta Grossa","PR","2026-08-10","11.5","13.3","9.8","93.0","0.0","1.2","3.58","ENE","0.1","7.5","0.53","-25.58909","-51.49221"
"D006642","BL Ponta Grossa","Ponta Grossa","PR","2026-08-11","10.8","14.7","8.3","90.0","0.0","1.5","3.09","NE","0.1","8.8","0.52","-25.58908","-51.49222"
"D006642","BL Ponta Grossa","Ponta Grossa","PR","2026-08-12","16.5","23.8","10.4","84.0","0.0","3.0","1.97","NNE","0.4","14.2","0.53","-25.5891","-51.49221"
"D006642","BL Ponta Grossa","Ponta Grossa","PR","2026-08-13","18.5","24.4","13.8","86.0","16.7","2.6","1.59","NW","0.4","12.1","0.53","-25.58914","-51.49224"
"D006642","BL Ponta Grossa","Ponta Grossa","PR","2026-08-14","17.5","23.8","13.2","89.0","8.7","2.5","1.33","NNE","0.3","12.0","0.55","-25.58917","-51.49224"
"D006642","BL Ponta Grossa","Ponta Grossa","PR","2026-08-15","17.6","25.2","13.6","88.0","33.3","3.0","2.59","NE","0.3","14.1","0.55","-25.58909","-51.49226"
"D006642","BL Ponta Grossa","Ponta Grossa","PR","2026-08-16","19.0","26.4","14.6","83.0","0.0","3.6","2.62","NE","0.4","16.1","0.56","-25.5891","-51.49222"
"D006642","BL Ponta Grossa","Ponta Grossa","PR","2026-08-17","20.7","27.1","16.5","74.0","0.0","4.1","2.6","N","0.7","16.7","0.56","-25.58908","-51.49222"
"D006642","BL Ponta Grossa","Ponta Grossa","PR","2026-08-18","21.3","27.2","16.3","71.0","0.0","4.2","2.39","N","0.8","16.4","0.57","-25.58911","-51.4922"
"D006642","BL Ponta Grossa","Ponta Grossa","PR","2026-08-19","19.9","26.3","14.7","75.0","0.0","3.0","1.38","NNE","0.6","13.1","0.57","-25.58912","-51.49219"
"D006642","BL Ponta Grossa","Ponta Grossa","PR","2026-08-20","16.9","22.2","9.5","85.0","0.3","2.1","3.02","NW","0.3","9.1","0.57","-25.58908","-51.4922"
"D006642","BL Ponta Grossa","Ponta Grossa","PR","2026-08-21","9.6","16.2","5.3","83.0","0.0","2.9","2.58","SSW","0.2","17.0","0.58","-25.58909","-51.49221"
"D006642","BL Ponta Grossa","Ponta Grossa","PR","2026-08-22","9.6","16.5","2.9","73.0","0.0","3.3","1.83","SE","0.4","18.0","0.58","-25.58912","-51.49219"
"D006642","BL Ponta Grossa","Ponta Grossa","PR","2026-08-23","11.2","20.6","3.4","61.0","0.0","3.6","1.39","E","0.6","18.2","0.58","-25.58908","-51.49223"
"D006642","BL Ponta Grossa","Ponta Grossa","PR","2026-08-24","13.0","22.9","5.6","74.0","0.0","3.5","1.88","NE","0.5","17.6","0.58","-25.58908","-51.49227"
"D006642","BL Ponta Grossa","Ponta Grossa","PR","2026-08-25","14.2","20.7","9.5","80.0","0.0","2.4","1.9","NNE","0.4","12.2","0.57","-25.58915","-51.49224"
"D006642","BL Ponta Grossa","Ponta Grossa","PR","2026-08-26","15.0","20.0","11.0","83.0","0.6","2.0","1.83","N","0.3","9.1","0.5","-25.58912","-51.49222"
"D006642","BL Ponta Grossa","Ponta Grossa","PR","2026-08-27","17.7","25.1","11.4","80.0","0.0","4.0","2.08","N","0.5","18.3","0.52","-25.58915","-51.49222"
"D006642","BL Ponta Grossa","Ponta Grossa","PR","2026-08-28","21.1","26.6","15.7","76.0","0.0","3.6","3.19","NW","0.7","14.2","0.52","-25.58912","-51.49223"
"D006642","BL Ponta Grossa","Ponta Grossa","PR","2026-08-29","22.8","28.3","18.2","72.0","0.0","4.1","3.07","WNW","0.8","16.1","0.52","-25.58914","-51.49224"
"D006642","BL Ponta Grossa","Ponta Grossa","PR","2026-08-30","18.1","22.6","15.4","89.0","33.1","1.4","1.8","NE","0.2","6.1","0.55","-25.58912","-51.49223"
"D006642","BL Ponta Grossa","Ponta Grossa","PR","2026-08-31","15.7","16.7","13.6","95.0","115.1","0.5","2.89","NE","0.1","2.1","0.54","-25.58912","-51.49227"
"D006642","BL Ponta Grossa","Ponta Grossa","PR","2026-09-01","14.9","19.8","10.3","87.0","0.1","2.9","2.39","SW","0.2","14.6","0.55","-25.58914","-51.49226"
"D006642","BL Ponta Grossa","Ponta Grossa","PR","2026-09-02","15.0","22.7","8.8","74.0","0.0","3.8","1.47","NNE","0.6","18.7","0.55","-25.58912","-51.49224"
"D006642","BL Ponta Grossa","Ponta Grossa","PR","2026-09-03","16.1","23.7","9.8","68.0","0.0","4.2","1.91","NNW","0.7","19.6","0.55","-25.58915","-51.49227"
"D006642","BL Ponta Grossa","Ponta Grossa","PR","2026-09-04","15.7","23.4","13.2","82.0","19.9","1.6","1.17","ENE","0.3","7.3","0.55","-25.58915","-51.49224"
"D006642","BL Ponta Grossa","Ponta Grossa","PR","2026-09-05","13.7","17.1","9.6","89.0","6.2","1.0","2.37","E","0.2","4.5","0.57","-25.58913","-51.49225"
"D006642","BL Ponta Grossa","Ponta Grossa","PR","2026-09-06","9.8","13.7","6.2","66.0","0.0","2.2","2.29","ESE","0.4","11.5","0.55","-25.58921","-51.49223"
"D006642","BL Ponta Grossa","Ponta Grossa","PR","2026-09-07","9.0","15.4","5.1","81.0","0.0","2.8","2.99","NE","0.2","16.5","0.56","-25.58911","-51.49222"
"D006642","BL Ponta Grossa","Ponta Grossa","PR","2026-09-08","13.9","23.0","7.7","77.0","0.8","3.1","1.95","NNE","0.5","15.0","0.56","-25.58908","-51.49221"
"D006642","BL Ponta Grossa","Ponta Grossa","PR","2026-09-09","15.9","18.9","13.1","94.0","17.5","0.8","1.78","NNW","0.1","3.6","0.56","-25.58912","-51.49225"
"D006642","BL Ponta Grossa","Ponta Grossa","PR","2026-09-10","15.7","17.8","14.3","95.0","84.1","0.6","2.68","N","0.1","2.3","0.57","-25.58913","-51.49225"
"D006642","BL Ponta Grossa","Ponta Grossa","PR","2026-09-11","18.0","23.8","14.4","91.0","32.7","2.0","3.14","NW","0.2","8.8","0.57","-25.58912","-51.49223"
"D006642","BL Ponta Grossa","Ponta Grossa","PR","2026-09-12","16.5","22.9","13.2","88.0","0.0","2.4","1.83","SE","0.3","11.0","0.58","-25.58913","-51.49224"
"D006642","BL Ponta Grossa","Ponta Grossa","PR","2026-09-13","12.1","13.9","10.2","90.0","0.6","1.4","3.8","ENE","0.1","8.1","0.56","-25.58911","-51.49223"
"D006642","BL Ponta Grossa","Ponta Grossa","PR","2026-09-14","10.0","11.9","8.3","92.0","0.0","0.8","2.57","NE","0.1","4.7","0.57","-25.58913","-51.49224"
"D006642","BL Ponta Grossa","Ponta Grossa","PR","2026-09-15","12.4","18.3","9.2","87.0","0.0","2.8","1.6","SSE","0.2","14.6","0.56","-25.58917","-51.49224"
"D006642","BL Ponta Grossa","Ponta Grossa","PR","2026-09-16","13.7","24.0","6.0","72.0","0.0","4.3","1.92","NNE","0.6","21.3","0.57","-25.5891","-51.49224"
"D006642","BL Ponta Grossa","Ponta Grossa","PR","2026-09-17","10.4","13.9","8.3","85.0","0.0","0.9","3.85","NE","0.2","5.2","0.57","-25.58915","-51.49224"
"D009878","BM Sorriso","Sorriso","MT","2026-07-01","25.3","35.4","18.0","67.0","0.0","5.1",,,"1.4","18.9","0.15","-12.41378","-55.86996"
"D009878","BM Sorriso","Sorriso","MT","2026-07-02","24.9","34.0","16.4","62.0","0.1","5.3",,,"1.6","19.2","0.16","-12.41377","-55.86993"
"D009878","BM Sorriso","Sorriso","MT","2026-07-03","22.8","32.6","16.0","70.0","0.0","4.9",,,"1.1","19.6","0.16","-12.41376","-55.86997"
"D009878","BM Sorriso","Sorriso","MT","2026-07-04","21.3","32.4","14.2","74.0","0.0","4.5","1.15","ENE","0.9","18.9","0.16","-12.41374","-55.86996"
"D009878","BM Sorriso","Sorriso","MT","2026-07-05","22.9","35.2","13.3","68.0","0.0","5.2",,,"1.3","19.7","0.16","-12.41377","-55.86996"
"D009878","BM Sorriso","Sorriso","MT","2026-07-06","23.8","35.4","14.5","67.0","0.0","5.2",,,"1.3","19.7","0.16","-12.41375","-55.86998"
"D009878","BM Sorriso","Sorriso","MT","2026-07-07","23.5","34.0","16.2","72.0","0.0","4.7",,,"1.0","19.0","0.16","-12.41377","-55.86996"
"D009878","BM Sorriso","Sorriso","MT","2026-07-08","24.0","34.9","14.4","65.0","0.0","5.3",,,"1.5","19.7","0.15","-12.41376","-55.86997"
"D009878","BM Sorriso","Sorriso","MT","2026-07-09","24.6","36.1","15.4","64.0","0.0","5.3",,,"1.5","19.3","0.15","-12.41377","-55.86998"
"D009878","BM Sorriso","Sorriso","MT","2026-07-10","25.3","36.3","16.8","67.0","0.0","4.6","0.7","ENE","1.4","16.2","0.15","-12.41378","-55.86998"
"D009878","BM Sorriso","Sorriso","MT","2026-07-11","24.5","33.7","18.4","78.0","0.0","3.2",,,"0.8","11.1","0.15","-12.41375","-55.86997"
"D009878","BM Sorriso","Sorriso","MT","2026-07-12","24.3","32.6","19.7","82.0","0.7","2.6","3.89","S","0.7","9.0","0.15","-12.41379","-55.86997"
"D009878","BM Sorriso","Sorriso","MT","2026-07-13","23.3","30.7","19.0","86.0","0.2","3.3",,,"0.5","13.2","0.15","-12.41378","-55.86999"
"D009878","BM Sorriso","Sorriso","MT","2026-07-14","24.8","34.9","17.2","75.0","0.0","4.7",,,"1.1","18.1","0.15","-12.41375","-55.86999"
"D009878","BM Sorriso","Sorriso","MT","2026-07-15","26.3","35.2","18.8","69.0","0.0","4.9",,,"1.4","17.9","0.15","-12.41378","-55.86999"
"D009878","BM Sorriso","Sorriso","MT","2026-07-16","24.7","32.9","18.8","80.0","2.3","3.4",,,"0.8","12.9","0.15","-12.41377","-55.86996"
"D009878","BM Sorriso","Sorriso","MT","2026-07-17","25.7","33.2","19.8","73.0","0.0","4.7",,,"1.1","17.7","0.15","-12.41375","-55.86998"
"D009878","BM Sorriso","Sorriso","MT","2026-07-18","24.9","33.5","17.5","64.0","0.0","5.4",,,"1.4","20.3","0.15","-12.41376","-55.86998"
"D009878","BM Sorriso","Sorriso","MT","2026-07-19","24.7","33.8","15.7","67.0","0.0","4.9",,,"1.3","18.5","0.15","-12.41376","-55.86999"
"D009878","BM Sorriso","Sorriso","MT","2026-07-20","25.1","35.0","17.1","66.0","0.0","5.4",,,"1.4","20.3","0.14","-12.41377","-55.86996"
"D009878","BM Sorriso","Sorriso","MT","2026-07-21","25.2","34.4","16.2","64.0","0.0","5.5",,,"1.5","20.4","0.14","-12.41375","-55.86996"
"D009878","BM Sorriso","Sorriso","MT","2026-07-22","25.4","37.1","15.2","63.0","0.0","5.4",,,"1.6","19.8","0.14","-12.41376","-55.86999"
"D009878","BM Sorriso","Sorriso","MT","2026-07-23","25.5","35.2","16.1","63.0","0.0","5.5","1.21","ENE","1.6","20.0","0.14","-12.41376","-55.87"
"D009878","BM Sorriso","Sorriso","MT","2026-07-24","26.0","36.8","16.8","62.0","0.0","5.4",,,"1.6","19.4","0.14","-12.41376","-55.86997"
"D009878","BM Sorriso","Sorriso","MT","2026-07-25","26.8","38.1","17.8","61.0","0.0","5.8",,,"1.8","20.9","0.14","-12.41376","-55.86999"
"D009878","BM Sorriso","Sorriso","MT","2026-07-26","26.5","36.7","17.8","62.0","0.0","5.6",,,"1.7","20.1","0.14","-12.41377","-55.86998"
"D009878","BM Sorriso","Sorriso","MT","2026-07-27","26.2","36.2","16.7","61.0","0.0","5.5",,,"1.7","19.9","0.14","-12.41375","-55.87002"
"D009878","BM Sorriso","Sorriso","MT","2026-07-28","27.1","36.3","17.4","62.0","0.0","5.1",,,"1.7","18.5","0.14","-12.41375","-55.86997"
"D009878","BM Sorriso","Sorriso","MT","2026-07-29","26.5","34.9","18.8","70.0","0.0","4.7",,,"1.3","17.3","0.14","-12.41375","-55.86998"
"D009878","BM Sorriso","Sorriso","MT","2026-07-30","26.6","35.6","19.1","68.0","0.0","4.3",,,"1.5","14.7","0.14","-12.41373","-55.86999"
"D009878","BM Sorriso","Sorriso","MT","2026-07-31","26.3","36.6","16.8","61.0","0.0","5.0",,,"1.7","17.2","0.14","-12.41373","-55.87"
"D009878","BM Sorriso","Sorriso","MT","2026-08-01","26.8","35.3","18.8","62.0","0.0","4.5",,,"1.6","15.1","0.14","-12.41375","-55.86997"
"D009878","BM Sorriso","Sorriso","MT","2026-08-02","26.5","36.4","19.3","62.0","0.0","5.3",,,"1.7","19.1","0.14","-12.41378","-55.86997"
"D009878","BM Sorriso","Sorriso","MT","2026-08-03","25.8","36.0","16.3","56.0","0.0","5.5",,,"1.8","19.8","0.14","-12.41377","-55.86996"
"D009878","BM Sorriso","Sorriso","MT","2026-08-04","25.4","36.1","15.9","55.0","0.0","5.6",,,"1.8","20.8","0.13","-12.41376","-55.86996"
"D009878","BM Sorriso","Sorriso","MT","2026-08-05","25.3","35.8","15.3","56.0","0.0","5.5",,,"1.8","20.0","0.13","-12.41375","-55.86995"
"D009878","BM Sorriso","Sorriso","MT","2026-08-06","26.5","36.4","16.5","54.0","0.0","5.9","1.54","NW","2.0","20.4","0.13","-12.41375","-55.87001"
"D009878","BM Sorriso","Sorriso","MT","2026-08-07","26.9","36.4","17.6","60.0","0.0","5.5",,,"1.8","19.9","0.13","-12.41376","-55.86997"
"D009878","BM Sorriso","Sorriso","MT","2026-08-08","27.7","37.6","18.6","61.0","0.0","5.5",,,"1.9","19.5","0.14","-12.41373","-55.86998"
"D009878","BM Sorriso","Sorriso","MT","2026-08-09","28.4","39.0","18.7","56.0","0.0","6.1",,,"2.1","21.7","0.13","-12.41376","-55.87"
"D009878","BM Sorriso","Sorriso","MT","2026-08-10","28.0","38.7","17.4","53.0","0.0","5.8",,,"2.2","20.2","0.13","-12.41376","-55.86998"
"D009878","BM Sorriso","Sorriso","MT","2026-08-11","28.3","38.8","21.8","58.0","0.0","5.6",,,"1.9","20.5","0.13","-12.41376","-55.86997"
"D009878","BM Sorriso","Sorriso","MT","2026-08-12","26.2","35.5","17.9","58.0","0.0","5.7",,,"1.8","21.3","0.13","-12.41377","-55.86996"
"D009878","BM Sorriso","Sorriso","MT","2026-08-13","25.7","36.8","15.6","55.0","0.0","5.6",,,"1.9","20.5","0.13","-12.41377","-55.86996"
"D009878","BM Sorriso","Sorriso","MT","2026-08-14","26.1","37.1","15.8","48.0","0.0","6.0",,,"2.2","21.4","0.13","-12.41371","-55.86998"
"D009878","BM Sorriso","Sorriso","MT","2026-08-15","26.6","36.8","15.6","50.0","0.0","5.9",,,"2.2","21.1","0.13","-12.41374","-55.86996"
"D009878","BM Sorriso","Sorriso","MT","2026-08-16","27.6","38.0","18.1","50.0","0.0","6.1",,,"2.3","21.9","0.13","-12.41376","-55.86997"
"D009878","BM Sorriso","Sorriso","MT","2026-08-17","27.4","37.2","17.4","47.0","0.0","6.1",,,"2.4","21.8","0.13","-12.41375","-55.86995"
"D009878","BM Sorriso","Sorriso","MT","2026-08-18","25.9","37.0","14.9","49.0","0.0","6.1",,,"2.2","22.2","0.13","-12.41374","-55.86996"
"D009878","BM Sorriso","Sorriso","MT","2026-08-19","26.6","37.4","16.3","47.0","0.0","6.1",,,"2.2","21.8","0.13","-12.41377","-55.86995"
"D009878","BM Sorriso","Sorriso","MT","2026-08-20","26.2","38.4","16.5","53.0","0.0","5.9",,,"2.1","22.0","0.13","-12.41376","-55.86997"
"D009878","BM Sorriso","Sorriso","MT","2026-08-21","25.6","36.9","17.2","60.0","0.2","5.7",,,"1.7","21.8","0.13","-12.41376","-55.86997"
"D009878","BM Sorriso","Sorriso","MT","2026-08-22","27.3","39.0","18.8","54.0","0.0","5.9",,,"2.0","21.5","0.13","-12.41375","-55.86998"
"D009878","BM Sorriso","Sorriso","MT","2026-08-23","27.3","38.0","17.5","52.0","0.0","5.4",,,"2.1","18.9","0.13","-12.41376","-55.86996"
"D009878","BM Sorriso","Sorriso","MT","2026-08-24","28.0","38.9","17.8","59.0","6.4","5.6","2.25","WSW","1.9","19.7","0.13","-12.41379","-55.86996"
"D009878","BM Sorriso","Sorriso","MT","2026-08-25","28.4","37.8","20.4","63.0","0.0","5.7","1.2","SW","1.8","20.6","0.15","-12.41376","-55.86999"
"D009878","BM Sorriso","Sorriso","MT","2026-08-26","28.5","39.0","19.4","59.0","0.0","6.1","0.67","S","2.0","21.4","0.14","-12.41377","-55.86995"
"D009878","BM Sorriso","Sorriso","MT","2026-08-27","29.3","38.7","20.3","57.0","0.0","6.4",,,"2.1","22.6","0.14","-12.41375","-55.86997"
"D009878","BM Sorriso","Sorriso","MT","2026-08-28","28.6","38.5","21.0","64.0","0.0","5.6",,,"1.7","20.3","0.14","-12.41376","-55.86997"
"D009878","BM Sorriso","Sorriso","MT","2026-08-29","28.7","39.0","20.9","62.0","0.0","5.8",,,"1.9","20.2","0.14","-12.41377","-55.86997"
"D009878","BM Sorriso","Sorriso","MT","2026-08-30","29.2","39.9","19.6","59.0","0.0","6.1",,,"2.1","21.3","0.14","-12.41377","-55.86993"
"D009878","BM Sorriso","Sorriso","MT","2026-08-31","28.0","37.8","20.3","67.0","0.0","5.0",,,"1.5","17.9","0.13","-12.41373","-55.86999"
"D009878","BM Sorriso","Sorriso","MT","2026-09-01","28.8","38.6","21.2","66.0","0.0","5.7",,,"1.6","20.8","0.13","-12.41376","-55.86997"
"D009878","BM Sorriso","Sorriso","MT","2026-09-02","27.1","36.4","23.0","72.0","0.3","4.4",,,"1.2","16.2","0.13","-12.41377","-55.86992"
"D009878","BM Sorriso","Sorriso","MT","2026-09-03","29.2","39.4","20.2","65.0","0.0","5.5",,,"1.8","19.1","0.14","-12.41377","-55.86996"
"D009878","BM Sorriso","Sorriso","MT","2026-09-04","27.4","37.8","20.1","74.0","35.1","4.8",,,"1.2","17.9","0.14","-12.41373","-55.86994"
"D009878","BM Sorriso","Sorriso","MT","2026-09-05","25.5","34.7","19.5","77.0","8.8","6.1",,,"1.0","25.4","0.15","-12.41374","-55.86999"
"D009878","BM Sorriso","Sorriso","MT","2026-09-06","24.4","30.3","19.9","85.0","1.2","3.7",,,"0.5","16.1","0.15","-12.41374","-55.86995"
"D009878","BM Sorriso","Sorriso","MT","2026-09-07","24.5","34.5","17.3","70.0","0.0","5.7",,,"1.1","24.0","0.14","-12.41379","-55.86994"
"D009878","BM Sorriso","Sorriso","MT","2026-09-08","27.9","36.4","21.5","69.0","0.0","5.6",,,"1.4","20.5","0.14","-12.41377","-55.86995"
"D009878","BM Sorriso","Sorriso","MT","2026-09-09","27.3","34.6","21.4","70.0","0.0","5.0",,,"1.3","18.7","0.14","-12.41377","-55.86994"
"D009878","BM Sorriso","Sorriso","MT","2026-09-10","27.8","36.8","20.2","67.0","0.0","5.4",,,"1.6","19.9","0.13","-12.41373","-55.86997"
"D009878","BM Sorriso","Sorriso","MT","2026-09-11","29.4","38.3","21.3","56.0","0.0","6.9",,,"2.1","24.9","0.13","-12.41374","-55.86996"
"D009878","BM Sorriso","Sorriso","MT","2026-09-12","29.8","38.9","21.1","50.0","0.0","7.3",,,"2.5","26.3","0.13","-12.41375","-55.86998"
"D009878","BM Sorriso","Sorriso","MT","2026-09-13","28.0","38.4","20.9","67.0","0.0","6.4",,,"1.6","24.2","0.13","-12.41377","-55.86998"
"D009878","BM Sorriso","Sorriso","MT","2026-09-14","25.0","33.0","19.5","72.0","0.0","6.0",,,"1.1","25.5","0.13","-12.41377","-55.86994"
"D009878","BM Sorriso","Sorriso","MT","2026-09-15","26.2","37.6","19.0","69.0","0.2","5.6",,,"1.3","21.7","0.13","-12.41376","-55.86994"
"D009878","BM Sorriso","Sorriso","MT","2026-09-16","28.0","37.2","20.0","64.0","0.1","6.2",,,"1.7","23.3","0.13","-12.41375","-55.86997"
"D009878","BM Sorriso","Sorriso","MT","2026-09-17","24.0","31.8","21.4","80.0","0.0","0.8",,,"0.7","3.7","0.13","-12.41374","-55.87001"
"D009876","Corteva GPB BL","Ponta Grossa","PR","2026-07-01","18.5","22.7","15.2","83.0","0.0","3.1","4.21","NW","0.4","14.5","0.37","-25.58875","-51.49181"
"D009876","Corteva GPB BL","Ponta Grossa","PR","2026-07-02","18.2","22.9","15.0","84.0","0.0","2.4","2.63","NW","0.4","10.2","0.36","-25.58876","-51.49182"
"D009876","Corteva GPB BL","Ponta Grossa","PR","2026-07-03","13.5","18.6","9.0","91.0","0.0","2.0","0.83","SSW","0.2","10.9","0.37","-25.58877","-51.49181"
"D009876","Corteva GPB BL","Ponta Grossa","PR","2026-07-04","13.6","20.5","9.4","83.0","0.0","2.3","0.93","ESE","0.3","11.3","0.36","-25.5888","-51.49185"
"D009876","Corteva GPB BL","Ponta Grossa","PR","2026-07-05","14.8","22.0","10.6","86.0","0.0","2.1","1.15","NNW","0.3","9.7","0.36","-25.58881","-51.49181"
"D009876","Corteva GPB BL","Ponta Grossa","PR","2026-07-06","13.8","19.5","10.5","95.0","3.1","1.3","1.13","NNW","0.1","6.6","0.35","-25.58875","-51.49182"
"D009876","Corteva GPB BL","Ponta Grossa","PR","2026-07-07","9.8","17.4","3.0","83.0","0.0","2.7","0.92","SSE","0.3","15.4","0.37","-25.58881","-51.49185"
"D009876","Corteva GPB BL","Ponta Grossa","PR","2026-07-08","10.2","22.5","2.1","66.0","0.0","3.1","0.9","ENE","0.6","15.4","0.37","-25.58882","-51.49182"
"D009876","Corteva GPB BL","Ponta Grossa","PR","2026-07-09","13.5","23.6","6.0","65.0","0.0","3.4","1.17","N","0.7","15.4","0.37","-25.58874","-51.49179"
"D009876","Corteva GPB BL","Ponta Grossa","PR","2026-07-10","13.7","19.2","10.2","92.0","9.2","1.0","1.57","N","0.1","4.5","0.42","-25.58873","-51.49182"
"D009876","Corteva GPB BL","Ponta Grossa","PR","2026-07-11","14.7","17.8","12.3","96.0","17.2","0.7","2.28","NW","0.1","3.0","0.41","-25.58877","-51.49189"
"D009876","Corteva GPB BL","Ponta Grossa","PR","2026-07-12","12.2","16.3","5.9","88.0","0.0","2.2","1.63","SSW","0.2","12.0","0.38","-25.58876","-51.49177"
"D009876","Corteva GPB BL","Ponta Grossa","PR","2026-07-13","7.2","15.6","0.8","80.0","0.0","2.6","1.15","ESE","0.3","15.7","0.37","-25.58879","-51.49183"
"D009876","Corteva GPB BL","Ponta Grossa","PR","2026-07-14","8.3","14.8","3.9","85.0","0.0","2.5","1.94","NE","0.2","15.8","0.37","-25.58878","-51.49185"
"D009876","Corteva GPB BL","Ponta Grossa","PR","2026-07-15","11.6","20.0","5.9","79.0","0.0","3.1","2.05","N","0.4","15.7","0.37","-25.58876","-51.49183"
"D009876","Corteva GPB BL","Ponta Grossa","PR","2026-07-16","15.1","23.2","8.7","75.0","0.0","3.6","2.7","NNW","0.5","15.8","0.37","-25.58872","-51.49172"
"D009876","Corteva GPB BL","Ponta Grossa","PR","2026-07-17","17.1","22.4","12.6","76.0","0.0","3.3","3.98","NNW","0.5","14.2","0.36","-25.58876","-51.49179"
"D009876","Corteva GPB BL","Ponta Grossa","PR","2026-07-18","17.1","21.9","13.3","70.0","0.0","3.6","3.79","NNW","0.6","15.1","0.36","-25.58876","-51.49177"
"D009876","Corteva GPB BL","Ponta Grossa","PR","2026-07-19","17.4","21.8","13.8","66.0","0.0","3.8","4.75","NNW","0.7","15.2","0.36","-25.58878","-51.49181"
"D009876","Corteva GPB BL","Ponta Grossa","PR","2026-07-20","18.2","21.9","16.0","68.0","0.2","2.5","4.28","NW","0.7","8.5","0.35","-25.58872","-51.49174"
"D009876","Corteva GPB BL","Ponta Grossa","PR","2026-07-21","19.3","23.0","16.9","70.0","0.6","2.8","4.6","NW","0.7","9.7","0.36","-25.58875","-51.4918"
"D009876","Corteva GPB BL","Ponta Grossa","PR","2026-07-22","13.9","19.6","11.9","94.0","57.4","0.3","2.42","N","0.1","0.7","0.45","-25.58877","-51.49181"
"D009876","Corteva GPB BL","Ponta Grossa","PR","2026-07-23","15.1","21.9","12.4","89.0","0.0","2.4","1.16","N","0.2","11.6","0.4","-25.58876","-51.49177"
"D009876","Corteva GPB BL","Ponta Grossa","PR","2026-07-24","12.2","14.4","11.3","96.0","13.0","0.9","1.8","NE","0.1","5.1","0.36","-25.58875","-51.49177"
"D009876","Corteva GPB BL","Ponta Grossa","PR","2026-07-25","14.7","20.0","10.2","93.0","6.5","1.9",,,"0.1","10.4","0.4","-25.58876","-51.49179"
"D009876","Corteva GPB BL","Ponta Grossa","PR","2026-07-26","16.6","22.4","12.7","92.0","0.0","2.2",,,"0.2","10.7","0.4","-25.58877","-51.49186"
"D009876","Corteva GPB BL","Ponta Grossa","PR","2026-07-27","18.0","23.6","12.6","88.0","0.0","2.7",,,"0.3","12.4","0.4","-25.58879","-51.49182"
"D009876","Corteva GPB BL","Ponta Grossa","PR","2026-07-28","19.1","24.4","15.2","79.0","0.1","3.1",,,"0.5","13.8","0.4","-25.5888","-51.49185"
"D009876","Corteva GPB BL","Ponta Grossa","PR","2026-07-29","14.8","19.4","12.1","90.0","31.4","0.5",,,"0.2","1.9","0.47","-25.58882","-51.49173"
"D009876","Corteva GPB BL","Ponta Grossa","PR","2026-07-30","16.4","24.0","12.2","90.0","0.0","2.9",,,"0.2","13.6","0.41","-25.58881","-51.4917"
"D009876","Corteva GPB BL","Ponta Grossa","PR","2026-07-31","15.4","21.6","11.5","85.0","0.0","3.0",,,"0.3","14.8","0.41","-25.58869","-51.49179"
"D009876","Corteva GPB BL","Ponta Grossa","PR","2026-08-01","16.5","23.0","10.0","81.0","0.0","3.2",,,"0.4","14.9","0.41","-25.58874","-51.49179"
"D009876","Corteva GPB BL","Ponta Grossa","PR","2026-08-02","17.3","23.3","12.8","81.0","0.0","2.5",,,"0.4","10.6","0.4","-25.58869","-51.49185"
"D009876","Corteva GPB BL","Ponta Grossa","PR","2026-08-03","17.7","22.4","14.6","83.0","0.0","1.9",,,"0.4","7.8","0.4","-25.5887","-51.49175"
"D009876","Corteva GPB BL","Ponta Grossa","PR","2026-08-04","16.8","24.2","12.4","81.0","0.0","2.8",,,"0.4","12.2","0.4","-25.58874","-51.49176"
"D009876","Corteva GPB BL","Ponta Grossa","PR","2026-08-05","15.2","17.4","13.6","95.0","8.4","0.9",,,"0.1","4.2","0.44","-25.58877","-51.49179"
"D009876","Corteva GPB BL","Ponta Grossa","PR","2026-08-06","14.8","18.4","12.7","94.0","5.7","1.0",,,"0.1","5.2","0.47","-25.58876","-51.49179"
"D009876","Corteva GPB BL","Ponta Grossa","PR","2026-08-07","15.5","20.2","13.4","96.0","8.9","1.3",,,"0.1","6.3","0.43","-25.58878","-51.49172"
"D009876","Corteva GPB BL","Ponta Grossa","PR","2026-08-08","16.8","20.8","13.6","98.0","13.6","1.1",,,"0.1","5.1","0.44","-25.58873","-51.49182"
"D009876","Corteva GPB BL","Ponta Grossa","PR","2026-08-09","15.9","20.7","12.2","96.0","11.4","1.5",,,"0.1","7.5","0.44","-25.58878","-51.49182"
"D009876","Corteva GPB BL","Ponta Grossa","PR","2026-08-10","11.7","13.9","10.0","96.0","0.0","1.1",,,"0.1","6.7","0.43","-25.58879","-51.4918"
"D009876","Corteva GPB BL","Ponta Grossa","PR","2026-08-11","11.2","15.9","8.4","93.0","0.0","1.4",,,"0.1","8.0","0.43","-25.58876","-51.49167"
"D009876","Corteva GPB BL","Ponta Grossa","PR","2026-08-12","16.5","23.4","10.5","88.0","0.0","3.0",,,"0.3","14.0","0.44","-25.58874","-51.49185"
"D009876","Corteva GPB BL","Ponta Grossa","PR","2026-08-13","18.7","25.8","13.7","89.0","14.4","2.5",,,"0.3","10.9","0.43","-25.58876","-51.4918"
"D009876","Corteva GPB BL","Ponta Grossa","PR","2026-08-14","17.8","25.0","13.5","91.0","6.6","2.5",,,"0.2","11.7","0.45","-25.58878","-51.49186"
"D009876","Corteva GPB BL","Ponta Grossa","PR","2026-08-15","17.7","25.0","13.7","91.0","25.1","3.0",,,"0.2","13.6","0.46","-25.58874","-51.49182"
"D009876","Corteva GPB BL","Ponta Grossa","PR","2026-08-16","19.2","26.3","14.7","85.0","0.0","3.5",,,"0.4","15.4","0.46","-25.58877","-51.49178"
"D009876","Corteva GPB BL","Ponta Grossa","PR","2026-08-17","20.7","27.7","16.4","77.0","0.0","3.9",,,"0.7","15.8","0.45","-25.58877","-51.49187"
"D009876","Corteva GPB BL","Ponta Grossa","PR","2026-08-18","21.1","26.9","16.7","73.0","0.0","3.9",,,"0.8","15.7","0.45","-25.58882","-51.49173"
"D009876","Corteva GPB BL","Ponta Grossa","PR","2026-08-19","20.0","27.2","14.9","77.0","0.0","3.1",,,"0.6","12.3","0.45","-25.58879","-51.49177"
"D009876","Corteva GPB BL","Ponta Grossa","PR","2026-08-20","17.0","22.2","10.0","87.0","0.2","1.9",,,"0.3","8.7","0.46","-25.58878","-51.49179"
"D009876","Corteva GPB BL","Ponta Grossa","PR","2026-08-21","10.0","16.4","5.1","83.0","0.0","2.9",,,"0.3","16.3","0.46","-25.58873","-51.49176"
"D009876","Corteva GPB BL","Ponta Grossa","PR","2026-08-22","9.7","17.1","3.3","74.0","0.0","3.2",,,"0.4","17.1","0.46","-25.58877","-51.49181"
"D009876","Corteva GPB BL","Ponta Grossa","PR","2026-08-23","11.2","21.4","3.4","61.0","0.0","3.6",,,"0.6","17.3","0.45","-25.58876","-51.49176"
"D009876","Corteva GPB BL","Ponta Grossa","PR","2026-08-24","13.2","23.3","6.2","74.0","0.0","3.6",,,"0.5","16.7","0.45","-25.58879","-51.49179"
"D009876","Corteva GPB BL","Ponta Grossa","PR","2026-08-25","14.4","21.3","9.6","81.0","0.0","2.4",,,"0.4","11.3","0.44","-25.5888","-51.49176"
"D009876","Corteva GPB BL","Ponta Grossa","PR","2026-08-26","14.9","19.8","11.2","87.0","0.4","1.7",,,"0.3","8.0","0.44","-25.58875","-51.4918"
"D009876","Corteva GPB BL","Ponta Grossa","PR","2026-08-27","17.6","24.6","11.3","82.0","0.0","3.7",,,"0.5","16.9","0.45","-25.58872","-51.49177"
"D009876","Corteva GPB BL","Ponta Grossa","PR","2026-08-28","21.1","26.8","15.7","78.0","0.5","3.2",,,"0.6","13.4","0.45","-25.58875","-51.4918"
"D009876","Corteva GPB BL","Ponta Grossa","PR","2026-08-29","23.0","29.0","18.6","73.0","0.1","3.7",,,"0.8","14.4","0.44","-25.58878","-51.49183"
"D009876","Corteva GPB BL","Ponta Grossa","PR","2026-08-30","18.2","23.2","15.6","92.0","23.5","1.1",,,"0.2","5.1","0.46","-25.58879","-51.49179"
"D009876","Corteva GPB BL","Ponta Grossa","PR","2026-08-31","15.9","17.1","13.9","98.0","87.5","0.5",,,"0.0","1.9","0.53","-25.58873","-51.49179"
"D009876","Corteva GPB BL","Ponta Grossa","PR","2026-09-01","15.1","19.9","10.3","88.0","0.1","2.5",,,"0.2","12.4","0.47","-25.58878","-51.4918"
"D009876","Corteva GPB BL","Ponta Grossa","PR","2026-09-02","15.0","23.3","8.5","75.0","0.0","3.8",,,"0.5","17.7","0.47","-25.58877","-51.49183"
"D009876","Corteva GPB BL","Ponta Grossa","PR","2026-09-03","15.9","23.7","10.0","70.0","0.0","4.1",,,"0.7","18.6","0.47","-25.58878","-51.49178"
"D009876","Corteva GPB BL","Ponta Grossa","PR","2026-09-04","15.9","23.7","13.2","85.0","15.1","1.5",,,"0.3","6.6","0.51","-25.58874","-51.49181"
"D009876","Corteva GPB BL","Ponta Grossa","PR","2026-09-05","13.8","17.3","9.8","92.0","4.8","0.9",,,"0.1","4.1","0.52","-25.58877","-51.49186"
"D009876","Corteva GPB BL","Ponta Grossa","PR","2026-09-06","10.0","13.9","6.2","66.0","0.0","2.0",,,"0.4","10.3","0.46","-25.58873","-51.4918"
"D009876","Corteva GPB BL","Ponta Grossa","PR","2026-09-07","9.3","15.3","5.2","82.0","0.0","2.9",,,"0.2","16.5","0.48","-25.58883","-51.49184"
"D009876","Corteva GPB BL","Ponta Grossa","PR","2026-09-08","14.2","23.5","7.8","78.0","0.7","3.3",,,"0.5","15.2","0.48","-25.58879","-51.49182"
"D009876","Corteva GPB BL","Ponta Grossa","PR","2026-09-09","16.0","18.8","13.3","97.0","13.3","0.7",,,"0.1","3.2","0.49","-25.58875","-51.4918"
"D009876","Corteva GPB BL","Ponta Grossa","PR","2026-09-10","15.9","18.0","14.5","99.0","65.2","0.5",,,"0.0","2.1","0.54","-25.58879","-51.49178"
"D009876","Corteva GPB BL","Ponta Grossa","PR","2026-09-11","18.1","24.0","14.5","94.0","29.1","1.7",,,"0.2","7.8","0.49","-25.5888","-51.49173"
"D009876","Corteva GPB BL","Ponta Grossa","PR","2026-09-12","16.7","23.8","13.4","89.0","0.0","2.5",,,"0.3","11.5","0.5","-25.5888","-51.49182"
"D009876","Corteva GPB BL","Ponta Grossa","PR","2026-09-13","12.4","14.7","10.3","92.0","0.4","1.3",,,"0.1","7.4","0.48","-25.58876","-51.49183"
"D009876","Corteva GPB BL","Ponta Grossa","PR","2026-09-14","10.3","12.5","8.5","94.0","0.0","0.8",,,"0.1","4.1","0.49","-25.58884","-51.4919"
"D009876","Corteva GPB BL","Ponta Grossa","PR","2026-09-15","12.6","19.0","8.7","88.0","0.0","2.5",,,"0.2","12.5","0.48","-25.58874","-51.49188"
"D009876","Corteva GPB BL","Ponta Grossa","PR","2026-09-16","13.6","22.4","5.9","73.0","0.0","4.1",,,"0.5","19.7","0.49","-25.58875","-51.49174"
"D009876","Corteva GPB BL","Ponta Grossa","PR","2026-09-17","10.6","14.3","8.3","87.0","0.0","0.7",,,"0.2","4.1","0.49","-25.58877","-51.49188"
